Workbook

Sheet Table1
A1: Post ID | B1: Platform | C1: Date | D1: Content Type | E1: Post Text | F1: Likes | G1: Shares | H1: Comments | I1: Impressions | J1: Reach | K1: Clicks | L1: Engagement_Rate | M1: Rank | N1: Value | O1: Total_Engagement
A2: SP001 | B2: Instagram | C2: 45781 | D2: Text | E2: Discover fresh beats on Spotify! | F2: 2414 | G2: 245 | H2: 137 | I2: 21181 | J2: 45292 | K2: 133 | L2: 0.1320051 | M2: 53 | N2: #SoundtrackOfLife | O2: =F2 + G2+H2 -> 2796
A3: SP001 | B3: Instagram | C3: 45781 | D3: Text | E3: Discover fresh beats on Spotify! | F3: 2414 | G3: 245 | H3: 137 | I3: 21181 | J3: 45292 | K3: 133 | L3: 0.1320051 | M3: 53 | N3: #NowPlaying | O3: =F3 + G3+H3 -> 2796
A4: SP002 | B4: Instagram | C4: 45689 | D4: Text | E4: Explore the latest podcasts now. | F4: 1934 | G4: 210 | H4: 393 | I4: 29129 | J4: 73287 | K4: 273 | L4: 0.087095335 | M4: 145 | N4: #DiscoverWeekly | O4: =F4 + G4+H4 -> 2537
A5: SP003 | B5: Twitter | C5: 45629 | D5: Story | E5: New music just dropped. Hit play! | F5: 3092 | G5: 177 | H5: 81 | I5: 47533 | J5: 29220 | K5: 121 | L5: 0.070477353 | M5: 202 | N5: #MusicForEveryone | O5: =F5 + G5+H5 -> 3350
A6: SP003 | B6: Twitter | C6: 45629 | D6: Story | E6: New music just dropped. Hit play! | F6: 3092 | G6: 177 | H6: 81 | I6: 47533 | J6: 29220 | K6: 121 | L6: 0.070477353 | M6: 202 | N6: #NowPlaying | O6: =F6 + G6+H6 -> 3350
A7: SP004 | B7: Instagram | C7: 45629 | D7: Text | E7: Wrapped is here! Relive your top tracks | F7: 3173 | G7: 229 | H7: 197 | I7: 29604 | J7: 21809 | K7: 272 | L7: 0.12157141 | M7: 64 | N7: #SoundtrackOfLife | O7: =F7 + G7+H7 -> 3599
A8: SP004 | B8: Instagram | C8: 45629 | D8: Text | E8: Wrapped is here! Relive your top tracks | F8: 3173 | G8: 229 | H8: 197 | I8: 29604 | J8: 21809 | K8: 272 | L8: 0.12157141 | M8: 64 | N8: #NowPlaying | O8: =F8 + G8+H8 -> 3599
A9: SP005 | B9: YouTube | C9: 45388 | D9: Text | E9: Music that moves you-only on Spotify. | F9: 2748 | G9: 145 | H9: 315 | I9: 24401 | J9: 61182 | K9: 200 | L9: 0.13147002 | M9: 54 | N9: #DiscoverWeekly | O9: =F9 + G9+H9 -> 3208
A10: SP005 | B10: YouTube | C10: 45388 | D10: Text | E10: Music that moves you-only on Spotify. | F10: 2748 | G10: 145 | H10: 315 | I10: 24401 | J10: 61182 | K10: 200 | L10: 0.13147002 | M10: 54 | N10: #SpotifyWrapped | O10: =F10 + G10+H10 -> 3208
A11: SP006 | B11: YouTube | C11: 45456 | D11: Text | E11: What's your vibe today? #SpotifyHits | F11: 3882 | G11: 239 | H11: 275 | I11: 58748 | J11: 44646 | K11: 149 | L11: 0.074828079 | M11: 190 | N11: #DiscoverWeekly | O11: =F11 + G11+H11 -> 4396
A12: SP006 | B12: YouTube | C12: 45456 | D12: Text | E12: What's your vibe today? #SpotifyHits | F12: 3882 | G12: 239 | H12: 275 | I12: 58748 | J12: 44646 | K12: 149 | L12: 0.074828079 | M12: 190 | N12: #SpotifyWrapped | O12: =F12 + G12+H12 -> 4396
A13: SP007 | B13: Twitter | C13: 45645 | D13: Story | E13: Get into the groove with our new drop! | F13: 4674 | G13: 409 | H13: 327 | I13: 20756 | J13: 63599 | K13: 212 | L13: 0.26064752 | M13: 1 | N13: #SoundtrackOfLife | O13: =F13 + G13+H13 -> 5410
... A484: SP300 | B484: Instagram | C484: 45329 | D484: Text | E484: Music that moves you-only on Spotify. | F484: 1883 | G484: 432 | H484: 397 | I484: 28759 | J484: 18691 | K484: 270 | L484: 0.094300914 | M484: 123 | N484: #NowPlaying | O484: =F484 + G484+H484 -> 2712

Sheet Posts
A1: Post ID | B1: Platform | C1: Date | D1: Content Type | E1: Post Text | F1: Likes | G1: Shares | H1: Comments | I1: Impressions | J1: Reach | K1: Clicks | L1: Column1 | M1: Campaign_Name
A2: SP001 | B2: Instagram | C2: 45781 | D2: Text | E2: Discover fresh beats on Spotify! | F2: 2414 | G2: 245 | H2: 137 | I2: 21181 | J2: 45292 | K2: 133 | L2: Hashtags Used | M2: ChillVibes
A3: SP002 | B3: Instagram | C3: 45689 | D3: Text | E3: Explore the latest podcasts now. | F3: 1934 | G3: 210 | H3: 393 | I3: 29129 | J3: 73287 | K3: 273 | L3: #SoundtrackOfLife,#NowPlaying | M3: IndieWave
A4: SP003 | B4: Twitter | C4: 45629 | D4: Story | E4: New music just dropped. Hit play! | F4: 3092 | G4: 177 | H4: 81 | I4: 47533 | J4: 29220 | K4: 121 | L4: #DiscoverWeekly | M4: ChillVibes
A5: SP004 | B5: Instagram | C5: 45629 | D5: Text | E5: Wrapped is here! Relive your top tracks ðŸŽ§ | F5: 3173 | G5: 229 | H5: 197 | I5: 29604 | J5: 21809 | K5: 272 | L5: #MusicForEveryone,#NowPlaying | M5: ChillVibes
A6: SP005 | B6: YouTube | C6: 45388 | D6: Text | E6: Music that moves youâ€”only on Spotify. | F6: 2748 | G6: 145 | H6: 315 | I6: 24401 | J6: 61182 | K6: 200 | L6: #SoundtrackOfLife,#NowPlaying | M6: IndieWave
A7: SP006 | B7: YouTube | C7: 45456 | D7: Text | E7: Whatâ€™s your vibe today? #SpotifyHits | F7: 3882 | G7: 239 | H7: 275 | I7: 58748 | J7: 44646 | K7: 149 | L7: #DiscoverWeekly,#SpotifyWrapped | M7: IndieWave
A8: SP007 | B8: Twitter | C8: 45645 | D8: Story | E8: Get into the groove with our new drop! | F8: 4674 | G8: 409 | H8: 327 | I8: 20756 | J8: 63599 | K8: 212 | L8: #DiscoverWeekly,#SpotifyWrapped | M8: ChillVibes
A9: SP008 | B9: Twitter | C9: 45421 | D9: Story | E9: Wrapped is here! Relive your top tracks ðŸŽ§ | F9: 1428 | G9: 347 | H9: 67 | I9: 21148 | J9: 19712 | K9: 120 | L9: #SoundtrackOfLife,#NowPlaying | M9: ChillVibes
A10: SP009 | B10: Twitter | C10: 45823 | D10: Text | E10: Top trending tracks updated daily! | F10: 4432 | G10: 223 | H10: 299 | I10: 59016 | J10: 21742 | K10: 171 | L10: #DiscoverWeekly,#MusicForEveryone | M10: ChillVibes
A11: SP010 | B11: Twitter | C11: 45630 | D11: Text | E11: Wrapped is here! Relive your top tracks ðŸŽ§ | F11: 2357 | G11: 274 | H11: 172 | I11: 21566 | J11: 66829 | K11: 284 | L11: #NowPlaying | M11: ChillVibes
A12: SP011 | B12: Twitter | C12: 45357 | D12: Text | E12: Discover fresh beats on Spotify! | F12: 1971 | G12: 370 | H12: 306 | I12: 31316 | J12: 27897 | K12: 88 | L12: #NowPlaying | M12: IndieWave
A13: SP012 | B13: Instagram | C13: 45426 | D13: Text | E13: Discover fresh beats on Spotify! | F13: 1485 | G13: 353 | H13: 244 | I13: 38419 | J13: 38556 | K13: 86 | L13: #SoundtrackOfLife | M13: ChillVibes
... A301: SP300 | B301: Instagram | C301: 45329 | D301: Text | E301: Music that moves youâ€”only on Spotify. | F301: 1883 | G301: 432 | H301: 397 | I301: 28759 | J301: 18691 | K301: 270 | L301: #DiscoverWeekly,#MusicForEveryone | M301: ChillVibes
L302: #SoundtrackOfLife,#NowPlaying

Sheet Engagement Summary
A1: Week_Start_Date | B1: Platform | C1: New_Followers | D1: Unfollows | E1: Total_Followers | F1: Engagement_Rate | G1: Ad_Spend
A2: 45446 | B2: Instagram | C2: 1402 | D2: 68 | E2: 124562 | F2: 9.92 | G2: 23125
A3: 45446 | B3: Twitter | C3: 995 | D3: 86 | E3: 227958 | F3: 8.05 | G3: 22788
A4: 45446 | B4: YouTube | C4: 1472 | D4: 296 | E4: 370242 | F4: 7.72 | G4: 7810
A5: 45453 | B5: Instagram | C5: 1018 | D5: 90 | E5: 92474 | F5: 9.4 | G5: 11966
A6: 45453 | B6: Twitter | C6: 1461 | D6: 64 | E6: 328902 | F6: 9.02 | G6: 26298
A7: 45453 | B7: YouTube | C7: 545 | D7: 93 | E7: 391621 | F7: 9.96 | G7: 22029
A8: 45460 | B8: Instagram | C8: 881 | D8: 291 | E8: 95885 | F8: 5.29 | G8: 12391
A9: 45460 | B9: Twitter | C9: 1414 | D9: 131 | E9: 245947 | F9: 8.3 | G9: 14477
A10: 45460 | B10: YouTube | C10: 1472 | D10: 170 | E10: 250428 | F10: 4.66 | G10: 25040
A11: 45467 | B11: Instagram | C11: 809 | D11: 197 | E11: 87186 | F11: 9.48 | G11: 22619
A12: 45467 | B12: Twitter | C12: 1371 | D12: 250 | E12: 128620 | F12: 7.11 | G12: 12399
A13: 45467 | B13: YouTube | C13: 844 | D13: 144 | E13: 126015 | F13: 9.65 | G13: 22456
... A201: 45908 | B201: Twitter | C201: 860 | D201: 244 | E201: 348686 | F201: 5.12 | G201: 11418

Sheet Campaign Metadata
A1: Campaign_Name | B1: Start_Date | C1: End_Date | D1: Objective | E1: Total_Budget | F1: Target_Platforms | G1: Primary_Hashtags
A2: SummerBeats | B2: 2024-06-15 | C2: 2024-07-15 | D2: Brand Awareness | E2: 175000 | F2: Instagram,YouTube | G2: #SpotifyWrapped,#MusicForEveryone
A3: Wrapped2024 | B3: 2024-12-01 | C3: 2024-12-31 | D3: Engagement | E3: 225000 | F3: Twitter,YouTube | G3: #SpotifyWrapped,#NowPlaying
A4: ChillVibes | B4: 2025-01-10 | C4: 2025-02-10 | D4: Product Launch | E4: 200000 | F4: Instagram,Twitter | G4: #ChillVibes,#SoundtrackOfLife
A5: IndieWave | B5: 2025-03-01 | C5: 2025-03-31 | D5: Traffic | E5: 160000 | F5: Facebook,Instagram | G5: #DiscoverWeekly,#IndieWave

Sheet Posts_clean
A1: Post ID | B1: Platform | C1: Date | D1: Content Type | E1: Post Text | F1: Likes | G1: Shares | H1: Comments | I1: Impressions | J1: Reach | K1: Clicks | L1: Hashtag_1 | M1: Hashtag_2 | N1: Engagement_Rate | O1: Rank | P1: Total_Engagement | Q1: Campaign_Name | R1: Campaign_Period | S1: Impact_Period | X1: start | Y1: end | Z1: Before | AA1: During | AB1: lift
A2: SP001 | B2: Instagram | C2: 45781 | D2: Text | E2: Discover fresh beats on Spotify! | F2: 2414 | G2: 245 | H2: 137 | I2: 21181 | J2: 45292 | K2: 133 | L2: #SoundtrackOfLife | M2: #NowPlaying | N2: =(F2+G2+H2)/I2 -> 0.1320051 | O2: =RANK(N2,$N:$N,0) -> 53 | P2: =F2+G2+H2 -> 2796 | Q2: =IF(AND(--$C2>=--Campaign_Metadata_clean!$B$2,--$C2<=--Campaign_Metadata_clean!$C$2),"SummerBeats", IF(AND(--$C2>=--Campaign_Metadata_clean!$B$3,--$C2<=--Campaign_Metadata_clean!$C$3),"Wrapped2024", IF(AND(--$C2>=--Campaign_Metadata_clean!$B$4,--$C2<=--Campaign_Metadata_clean!$C$4),"ChillVibes", IF(AND(--$C2>=--Campaign_Metadata_clean!$B$5,--$C2<=--Campaign_Metadata_clean!$C$5),"IndieWave","No Campaign")))) -> No Campaign | R2: =IF(AND(C2>=DATE(2025,1,10), C2<=DATE(2025,2,10)), "During", IF(C2<DATE(2025,1,10), "Before", "Other")) -> Other | S2: =IF(OR(X2="",Y2=""),"", IF(AND(C2>=X2-30,C2<X2),"Before", IF(AND(C2>=X2,C2<=Y2),"During","Other"))) | X2: =IFERROR( _xlfn.XLOOKUP(Q2, Campaign_Metadata_clean!A:A, Campaign_Metadata_clean!B:B), "") | Y2: =IFERROR( _xlfn.XLOOKUP(Q2, Campaign_Metadata_clean!A:A, Campaign_Metadata_clean!C:C), "") | Z2: =IFERROR( AVERAGEIFS(N:N, C:C, ">=" & X2-30, C:C, "<" & X2), 0) -> 0 | AA2: =IFERROR( AVERAGEIFS(N:N, C:C, ">=" & X2, C:C, "<=" & Y2), 0) -> 0 | AB2: =IF(AA2=0,0,(AB2-AA2)/AA2) -> 0
A3: SP002 | B3: Instagram | C3: 45689 | D3: Text | E3: Explore the latest podcasts now. | F3: 1934 | G3: 210 | H3: 393 | I3: 29129 | J3: 73287 | K3: 273 | L3: #DiscoverWeekly | N3: =(F3+G3+H3)/I3 -> 0.087095335 | O3: =RANK(N3,$N:$N,0) -> 145 | P3: =F3+G3+H3 -> 2537 | Q3: =IF(AND(--$C3>=--Campaign_Metadata_clean!$B$2,--$C3<=--Campaign_Metadata_clean!$C$2),"SummerBeats", IF(AND(--$C3>=--Campaign_Metadata_clean!$B$3,--$C3<=--Campaign_Metadata_clean!$C$3),"Wrapped2024", IF(AND(--$C3>=--Campaign_Metadata_clean!$B$4,--$C3<=--Campaign_Metadata_clean!$C$4),"ChillVibes", IF(AND(--$C3>=--Campaign_Metadata_clean!$B$5,--$C3<=--Campaign_Metadata_clean!$C$5),"IndieWave","No Campaign")))) -> ChillVibes | R3: =IF(AND(C3>=DATE(2025,1,10), C3<=DATE(2025,2,10)), "During", IF(C3<DATE(2025,1,10), "Before", "Other")) -> During | S3: =IF(OR(X3="",Y3=""),"", IF(AND(C3>=X3-30,C3<X3),"Before", IF(AND(C3>=X3,C3<=Y3),"During","Other"))) -> During | X3: =IFERROR( _xlfn.XLOOKUP(Q3, Campaign_Metadata_clean!A:A, Campaign_Metadata_clean!B:B), "") -> 45667 | Y3: =IFERROR( _xlfn.XLOOKUP(Q3, Campaign_Metadata_clean!A:A, Campaign_Metadata_clean!C:C), "") -> 45698 | Z3: =IFERROR( AVERAGEIFS(N:N, C:C, ">=" & X3-30, C:C, "<" & X3), 0) -> 0.10086312 | AA3: =IFERROR( AVERAGEIFS(N:N, C:C, ">=" & X3, C:C, "<=" & Y3), 0) -> 0.1054116 | AB3: =IF(AA3=0,0,(AB3-AA3)/AA3) -> 0
A4: SP003 | B4: Twitter | C4: 45629 | D4: Story | E4: New music just dropped. Hit play! | F4: 3092 | G4: 177 | H4: 81 | I4: 47533 | J4: 29220 | K4: 121 | L4: #MusicForEveryone | M4: #NowPlaying | N4: =(F4+G4+H4)/I4 -> 0.070477353 | O4: =RANK(N4,$N:$N,0) -> 202 | P4: =F4+G4+H4 -> 3350 | Q4: =IF(AND(--$C4>=--Campaign_Metadata_clean!$B$2,--$C4<=--Campaign_Metadata_clean!$C$2),"SummerBeats", IF(AND(--$C4>=--Campaign_Metadata_clean!$B$3,--$C4<=--Campaign_Metadata_clean!$C$3),"Wrapped2024", IF(AND(--$C4>=--Campaign_Metadata_clean!$B$4,--$C4<=--Campaign_Metadata_clean!$C$4),"ChillVibes", IF(AND(--$C4>=--Campaign_Metadata_clean!$B$5,--$C4<=--Campaign_Metadata_clean!$C$5),"IndieWave","No Campaign")))) -> Wrapped2024 | R4: =IF(AND(C4>=DATE(2025,1,10), C4<=DATE(2025,2,10)), "During", IF(C4<DATE(2025,1,10), "Before", "Other")) -> Before | S4: =IF(OR(X4="",Y4=""),"", IF(AND(C4>=X4-30,C4<X4),"Before", IF(AND(C4>=X4,C4<=Y4),"During","Other"))) -> During | X4: =IFERROR( _xlfn.XLOOKUP(Q4, Campaign_Metadata_clean!A:A, Campaign_Metadata_clean!B:B), "") -> 45627 | Y4: =IFERROR( _xlfn.XLOOKUP(Q4, Campaign_Metadata_clean!A:A, Campaign_Metadata_clean!C:C), "") -> 45657 | Z4: =IFERROR( AVERAGEIFS(N:N, C:C, ">=" & X4-30, C:C, "<" & X4), 0) -> 0.092680819 | AA4: =IFERROR( AVERAGEIFS(N:N, C:C, ">=" & X4, C:C, "<=" & Y4), 0) -> 0.099294725 | AB4: =IF(AA4=0,0,(AB4-AA4)/AA4) -> 0
A5: SP004 | B5: Instagram | C5: 45629 | D5: Text | E5: Wrapped is here! Relive your top tracks | F5: 3173 | G5: 229 | H5: 197 | I5: 29604 | J5: 21809 | K5: 272 | L5: #SoundtrackOfLife | M5: #NowPlaying | N5: =(F5+G5+H5)/I5 -> 0.12157141 | O5: =RANK(N5,$N:$N,0) -> 64 | P5: =F5+G5+H5 -> 3599 | Q5: =IF(AND(--$C5>=--Campaign_Metadata_clean!$B$2,--$C5<=--Campaign_Metadata_clean!$C$2),"SummerBeats", IF(AND(--$C5>=--Campaign_Metadata_clean!$B$3,--$C5<=--Campaign_Metadata_clean!$C$3),"Wrapped2024", IF(AND(--$C5>=--Campaign_Metadata_clean!$B$4,--$C5<=--Campaign_Metadata_clean!$C$4),"ChillVibes", IF(AND(--$C5>=--Campaign_Metadata_clean!$B$5,--$C5<=--Campaign_Metadata_clean!$C$5),"IndieWave","No Campaign")))) -> Wrapped2024 | R5: =IF(AND(C5>=DATE(2025,1,10), C5<=DATE(2025,2,10)), "During", IF(C5<DATE(2025,1,10), "Before", "Other")) -> Before | S5: =IF(OR(X5="",Y5=""),"", IF(AND(C5>=X5-30,C5<X5),"Before", IF(AND(C5>=X5,C5<=Y5),"During","Other"))) -> During | X5: =IFERROR( _xlfn.XLOOKUP(Q5, Campaign_Metadata_clean!A:A, Campaign_Metadata_clean!B:B), "") -> 45627 | Y5: =IFERROR( _xlfn.XLOOKUP(Q5, Campaign_Metadata_clean!A:A, Campaign_Metadata_clean!C:C), "") -> 45657 | Z5: =IFERROR( AVERAGEIFS(N:N, C:C, ">=" & X5-30, C:C, "<" & X5), 0) -> 0.092680819 | AA5: =IFERROR( AVERAGEIFS(N:N, C:C, ">=" & X5, C:C, "<=" & Y5), 0) -> 0.099294725 | AB5: =IF(AA5=0,0,(AB5-AA5)/AA5) -> 0
A6: SP005 | B6: YouTube | C6: 45388 | D6: Text | E6: Music that moves you-only on Spotify. | F6: 2748 | G6: 145 | H6: 315 | I6: 24401 | J6: 61182 | K6: 200 | L6: #DiscoverWeekly | M6: #SpotifyWrapped | N6: =(F6+G6+H6)/I6 -> 0.13147002 | O6: =RANK(N6,$N:$N,0) -> 54 | P6: =F6+G6+H6 -> 3208 | Q6: =IF(AND(--$C6>=--Campaign_Metadata_clean!$B$2,--$C6<=--Campaign_Metadata_clean!$C$2),"SummerBeats", IF(AND(--$C6>=--Campaign_Metadata_clean!$B$3,--$C6<=--Campaign_Metadata_clean!$C$3),"Wrapped2024", IF(AND(--$C6>=--Campaign_Metadata_clean!$B$4,--$C6<=--Campaign_Metadata_clean!$C$4),"ChillVibes", IF(AND(--$C6>=--Campaign_Metadata_clean!$B$5,--$C6<=--Campaign_Metadata_clean!$C$5),"IndieWave","No Campaign")))) -> No Campaign | R6: =IF(AND(C6>=DATE(2025,1,10), C6<=DATE(2025,2,10)), "During", IF(C6<DATE(2025,1,10), "Before", "Other")) -> Before | S6: =IF(OR(X6="",Y6=""),"", IF(AND(C6>=X6-30,C6<X6),"Before", IF(AND(C6>=X6,C6<=Y6),"During","Other"))) | X6: =IFERROR( _xlfn.XLOOKUP(Q6, Campaign_Metadata_clean!A:A, Campaign_Metadata_clean!B:B), "") | Y6: =IFERROR( _xlfn.XLOOKUP(Q6, Campaign_Metadata_clean!A:A, Campaign_Metadata_clean!C:C), "") | Z6: =IFERROR( AVERAGEIFS(N:N, C:C, ">=" & X6-30, C:C, "<" & X6), 0) -> 0 | AA6: =IFERROR( AVERAGEIFS(N:N, C:C, ">=" & X6, C:C, "<=" & Y6), 0) -> 0 | AB6: =IF(AA6=0,0,(AB6-AA6)/AA6) -> 0
A7: SP006 | B7: YouTube | C7: 45456 | D7: Text | E7: What's your vibe today? #SpotifyHits | F7: 3882 | G7: 239 | H7: 275 | I7: 58748 | J7: 44646 | K7: 149 | L7: #DiscoverWeekly | M7: #SpotifyWrapped | N7: =(F7+G7+H7)/I7 -> 0.074828079 | O7: =RANK(N7,$N:$N,0) -> 190 | P7: =F7+G7+H7 -> 4396 | Q7: =IF(AND(--$C7>=--Campaign_Metadata_clean!$B$2,--$C7<=--Campaign_Metadata_clean!$C$2),"SummerBeats", IF(AND(--$C7>=--Campaign_Metadata_clean!$B$3,--$C7<=--Campaign_Metadata_clean!$C$3),"Wrapped2024", IF(AND(--$C7>=--Campaign_Metadata_clean!$B$4,--$C7<=--Campaign_Metadata_clean!$C$4),"ChillVibes", IF(AND(--$C7>=--Campaign_Metadata_clean!$B$5,--$C7<=--Campaign_Metadata_clean!$C$5),"IndieWave","No Campaign")))) -> No Campaign | R7: =IF(AND(C7>=DATE(2025,1,10), C7<=DATE(2025,2,10)), "During", IF(C7<DATE(2025,1,10), "Before", "Other")) -> Before | S7: =IF(OR(X7="",Y7=""),"", IF(AND(C7>=X7-30,C7<X7),"Before", IF(AND(C7>=X7,C7<=Y7),"During","Other"))) | X7: =IFERROR( _xlfn.XLOOKUP(Q7, Campaign_Metadata_clean!A:A, Campaign_Metadata_clean!B:B), "") | Y7: =IFERROR( _xlfn.XLOOKUP(Q7, Campaign_Metadata_clean!A:A, Campaign_Metadata_clean!C:C), "") | Z7: =IFERROR( AVERAGEIFS(N:N, C:C, ">=" & X7-30, C:C, "<" & X7), 0) -> 0 | AA7: =IFERROR( AVERAGEIFS(N:N, C:C, ">=" & X7, C:C, "<=" & Y7), 0) -> 0 | AB7: =IF(AA7=0,0,(AB7-AA7)/AA7) -> 0
A8: SP007 | B8: Twitter | C8: 45645 | D8: Story | E8: Get into the groove with our new drop! | F8: 4674 | G8: 409 | H8: 327 | I8: 20756 | J8: 63599 | K8: 212 | L8: #SoundtrackOfLife | M8: #NowPlaying | N8: =(F8+G8+H8)/I8 -> 0.26064752 | O8: =RANK(N8,$N:$N,0) -> 1 | P8: =F8+G8+H8 -> 5410 | Q8: =IF(AND(--$C8>=--Campaign_Metadata_clean!$B$2,--$C8<=--Campaign_Metadata_clean!$C$2),"SummerBeats", IF(AND(--$C8>=--Campaign_Metadata_clean!$B$3,--$C8<=--Campaign_Metadata_clean!$C$3),"Wrapped2024", IF(AND(--$C8>=--Campaign_Metadata_clean!$B$4,--$C8<=--Campaign_Metadata_clean!$C$4),"ChillVibes", IF(AND(--$C8>=--Campaign_Metadata_clean!$B$5,--$C8<=--Campaign_Metadata_clean!$C$5),"IndieWave","No Campaign")))) -> Wrapped2024 | R8: =IF(AND(C8>=DATE(2025,1,10), C8<=DATE(2025,2,10)), "During", IF(C8<DATE(2025,1,10), "Before", "Other")) -> Before | S8: =IF(OR(X8="",Y8=""),"", IF(AND(C8>=X8-30,C8<X8),"Before", IF(AND(C8>=X8,C8<=Y8),"During","Other"))) -> During | X8: =IFERROR( _xlfn.XLOOKUP(Q8, Campaign_Metadata_clean!A:A, Campaign_Metadata_clean!B:B), "") -> 45627 | Y8: =IFERROR( _xlfn.XLOOKUP(Q8, Campaign_Metadata_clean!A:A, Campaign_Metadata_clean!C:C), "") -> 45657 | Z8: =IFERROR( AVERAGEIFS(N:N, C:C, ">=" & X8-30, C:C, "<" & X8), 0) -> 0.092680819 | AA8: =IFERROR( AVERAGEIFS(N:N, C:C, ">=" & X8, C:C, "<=" & Y8), 0) -> 0.099294725 | AB8: =IF(AA8=0,0,(AB8-AA8)/AA8) -> 0
A9: SP008 | B9: Twitter | C9: 45421 | D9: Story | E9: Wrapped is here! Relive your top tracks | F9: 1428 | G9: 347 | H9: 67 | I9: 21148 | J9: 19712 | K9: 120 | L9: #DiscoverWeekly | M9: #MusicForEveryone | N9: =(F9+G9+H9)/I9 -> 0.087100435 | O9: =RANK(N9,$N:$N,0) -> 144 | P9: =F9+G9+H9 -> 1842 | Q9: =IF(AND(--$C9>=--Campaign_Metadata_clean!$B$2,--$C9<=--Campaign_Metadata_clean!$C$2),"SummerBeats", IF(AND(--$C9>=--Campaign_Metadata_clean!$B$3,--$C9<=--Campaign_Metadata_clean!$C$3),"Wrapped2024", IF(AND(--$C9>=--Campaign_Metadata_clean!$B$4,--$C9<=--Campaign_Metadata_clean!$C$4),"ChillVibes", IF(AND(--$C9>=--Campaign_Metadata_clean!$B$5,--$C9<=--Campaign_Metadata_clean!$C$5),"IndieWave","No Campaign")))) -> No Campaign | R9: =IF(AND(C9>=DATE(2025,1,10), C9<=DATE(2025,2,10)), "During", IF(C9<DATE(2025,1,10), "Before", "Other")) -> Before | S9: =IF(OR(X9="",Y9=""),"", IF(AND(C9>=X9-30,C9<X9),"Before", IF(AND(C9>=X9,C9<=Y9),"During","Other"))) | X9: =IFERROR( _xlfn.XLOOKUP(Q9, Campaign_Metadata_clean!A:A, Campaign_Metadata_clean!B:B), "") | Y9: =IFERROR( _xlfn.XLOOKUP(Q9, Campaign_Metadata_clean!A:A, Campaign_Metadata_clean!C:C), "") | Z9: =IFERROR( AVERAGEIFS(N:N, C:C, ">=" & X9-30, C:C, "<" & X9), 0) -> 0 | AA9: =IFERROR( AVERAGEIFS(N:N, C:C, ">=" & X9, C:C, "<=" & Y9), 0) -> 0 | AB9: =IF(AA9=0,0,(AB9-AA9)/AA9) -> 0
A10: SP009 | B10: Twitter | C10: 45823 | D10: Text | E10: Top trending tracks updated daily! | F10: 4432 | G10: 223 | H10: 299 | I10: 59016 | J10: 21742 | K10: 171 | L10: #NowPlaying | N10: =(F10+G10+H10)/I10 -> 0.083943337 | O10: =RANK(N10,$N:$N,0) -> 162 | P10: =F10+G10+H10 -> 4954 | Q10: =IF(AND(--$C10>=--Campaign_Metadata_clean!$B$2,--$C10<=--Campaign_Metadata_clean!$C$2),"SummerBeats", IF(AND(--$C10>=--Campaign_Metadata_clean!$B$3,--$C10<=--Campaign_Metadata_clean!$C$3),"Wrapped2024", IF(AND(--$C10>=--Campaign_Metadata_clean!$B$4,--$C10<=--Campaign_Metadata_clean!$C$4),"ChillVibes", IF(AND(--$C10>=--Campaign_Metadata_clean!$B$5,--$C10<=--Campaign_Metadata_clean!$C$5),"IndieWave","No Campaign")))) -> No Campaign | R10: =IF(AND(C10>=DATE(2025,1,10), C10<=DATE(2025,2,10)), "During", IF(C10<DATE(2025,1,10), "Before", "Other")) -> Other | S10: =IF(OR(X10="",Y10=""),"", IF(AND(C10>=X10-30,C10<X10),"Before", IF(AND(C10>=X10,C10<=Y10),"During","Other"))) | X10: =IFERROR( _xlfn.XLOOKUP(Q10, Campaign_Metadata_clean!A:A, Campaign_Metadata_clean!B:B), "") | Y10: =IFERROR( _xlfn.XLOOKUP(Q10, Campaign_Metadata_clean!A:A, Campaign_Metadata_clean!C:C), "") | Z10: =IFERROR( AVERAGEIFS(N:N, C:C, ">=" & X10-30, C:C, "<" & X10), 0) -> 0 | AA10: =IFERROR( AVERAGEIFS(N:N, C:C, ">=" & X10, C:C, "<=" & Y10), 0) -> 0 | AB10: =IF(AA10=0,0,(AB10-AA10)/AA10) -> 0
A11: SP010 | B11: Twitter | C11: 45630 | D11: Text | E11: Wrapped is here! Relive your top tracks | F11: 2357 | G11: 274 | H11: 172 | I11: 21566 | J11: 66829 | K11: 284 | L11: #NowPlaying | N11: =(F11+G11+H11)/I11 -> 0.12997311 | O11: =RANK(N11,$N:$N,0) -> 56 | P11: =F11+G11+H11 -> 2803 | Q11: =IF(AND(--$C11>=--Campaign_Metadata_clean!$B$2,--$C11<=--Campaign_Metadata_clean!$C$2),"SummerBeats", IF(AND(--$C11>=--Campaign_Metadata_clean!$B$3,--$C11<=--Campaign_Metadata_clean!$C$3),"Wrapped2024", IF(AND(--$C11>=--Campaign_Metadata_clean!$B$4,--$C11<=--Campaign_Metadata_clean!$C$4),"ChillVibes", IF(AND(--$C11>=--Campaign_Metadata_clean!$B$5,--$C11<=--Campaign_Metadata_clean!$C$5),"IndieWave","No Campaign")))) -> Wrapped2024 | R11: =IF(AND(C11>=DATE(2025,1,10), C11<=DATE(2025,2,10)), "During", IF(C11<DATE(2025,1,10), "Before", "Other")) -> Before | S11: =IF(OR(X11="",Y11=""),"", IF(AND(C11>=X11-30,C11<X11),"Before", IF(AND(C11>=X11,C11<=Y11),"During","Other"))) -> During | X11: =IFERROR( _xlfn.XLOOKUP(Q11, Campaign_Metadata_clean!A:A, Campaign_Metadata_clean!B:B), "") -> 45627 | Y11: =IFERROR( _xlfn.XLOOKUP(Q11, Campaign_Metadata_clean!A:A, Campaign_Metadata_clean!C:C), "") -> 45657 | Z11: =IFERROR( AVERAGEIFS(N:N, C:C, ">=" & X11-30, C:C, "<" & X11), 0) -> 0.092680819 | AA11: =IFERROR( AVERAGEIFS(N:N, C:C, ">=" & X11, C:C, "<=" & Y11), 0) -> 0.099294725 | AB11: =IF(AA11=0,0,(AB11-AA11)/AA11) -> 0
A12: SP011 | B12: Twitter | C12: 45357 | D12: Text | E12: Discover fresh beats on Spotify! | F12: 1971 | G12: 370 | H12: 306 | I12: 31316 | J12: 27897 | K12: 88 | L12: #SoundtrackOfLife | N12: =(F12+G12+H12)/I12 -> 0.084525482 | O12: =RANK(N12,$N:$N,0) -> 158 | P12: =F12+G12+H12 -> 2647 | Q12: =IF(AND(--$C12>=--Campaign_Metadata_clean!$B$2,--$C12<=--Campaign_Metadata_clean!$C$2),"SummerBeats", IF(AND(--$C12>=--Campaign_Metadata_clean!$B$3,--$C12<=--Campaign_Metadata_clean!$C$3),"Wrapped2024", IF(AND(--$C12>=--Campaign_Metadata_clean!$B$4,--$C12<=--Campaign_Metadata_clean!$C$4),"ChillVibes", IF(AND(--$C12>=--Campaign_Metadata_clean!$B$5,--$C12<=--Campaign_Metadata_clean!$C$5),"IndieWave","No Campaign")))) -> No Campaign | R12: =IF(AND(C12>=DATE(2025,1,10), C12<=DATE(2025,2,10)), "During", IF(C12<DATE(2025,1,10), "Before", "Other")) -> Before | S12: =IF(OR(X12="",Y12=""),"", IF(AND(C12>=X12-30,C12<X12),"Before", IF(AND(C12>=X12,C12<=Y12),"During","Other"))) | X12: =IFERROR( _xlfn.XLOOKUP(Q12, Campaign_Metadata_clean!A:A, Campaign_Metadata_clean!B:B), "") | Y12: =IFERROR( _xlfn.XLOOKUP(Q12, Campaign_Metadata_clean!A:A, Campaign_Metadata_clean!C:C), "") | Z12: =IFERROR( AVERAGEIFS(N:N, C:C, ">=" & X12-30, C:C, "<" & X12), 0) -> 0 | AA12: =IFERROR( AVERAGEIFS(N:N, C:C, ">=" & X12, C:C, "<=" & Y12), 0) -> 0 | AB12: =IF(AA12=0,0,(AB12-AA12)/AA12) -> 0
A13: SP012 | B13: Instagram | C13: 45426 | D13: Text | E13: Discover fresh beats on Spotify! | F13: 1485 | G13: 353 | H13: 244 | I13: 38419 | J13: 38556 | K13: 86 | L13: #SoundtrackOfLife | M13: #NowPlaying | N13: =(F13+G13+H13)/I13 -> 0.054191936 | O13: =RANK(N13,$N:$N,0) -> 241 | P13: =F13+G13+H13 -> 2082 | Q13: =IF(AND(--$C13>=--Campaign_Metadata_clean!$B$2,--$C13<=--Campaign_Metadata_clean!$C$2),"SummerBeats", IF(AND(--$C13>=--Campaign_Metadata_clean!$B$3,--$C13<=--Campaign_Metadata_clean!$C$3),"Wrapped2024", IF(AND(--$C13>=--Campaign_Metadata_clean!$B$4,--$C13<=--Campaign_Metadata_clean!$C$4),"ChillVibes", IF(AND(--$C13>=--Campaign_Metadata_clean!$B$5,--$C13<=--Campaign_Metadata_clean!$C$5),"IndieWave","No Campaign")))) -> No Campaign | R13: =IF(AND(C13>=DATE(2025,1,10), C13<=DATE(2025,2,10)), "During", IF(C13<DATE(2025,1,10), "Before", "Other")) -> Before | S13: =IF(OR(X13="",Y13=""),"", IF(AND(C13>=X13-30,C13<X13),"Before", IF(AND(C13>=X13,C13<=Y13),"During","Other"))) | X13: =IFERROR( _xlfn.XLOOKUP(Q13, Campaign_Metadata_clean!A:A, Campaign_Metadata_clean!B:B), "") | Y13: =IFERROR( _xlfn.XLOOKUP(Q13, Campaign_Metadata_clean!A:A, Campaign_Metadata_clean!C:C), "") | Z13: =IFERROR( AVERAGEIFS(N:N, C:C, ">=" & X13-30, C:C, "<" & X13), 0) -> 0 | AA13: =IFERROR( AVERAGEIFS(N:N, C:C, ">=" & X13, C:C, "<=" & Y13), 0) -> 0 | AB13: =IF(AA13=0,0,(AB13-AA13)/AA13) -> 0
A14: SP013 | B14: Twitter | C14: 45826 | D14: Story | E14: Discover fresh beats on Spotify! | F14: 3956 | G14: 319 | H14: 61 | I14: 58162 | J14: 28720 | K14: 213 | L14: #MusicForEveryone | M14: #NowPlaying | N14: =(F14+G14+H14)/I14 -> 0.074550394 | O14: =RANK(N14,$N:$N,0) -> 191 | P14: =F14+G14+H14 -> 4336 | Q14: =IF(AND(--$C14>=--Campaign_Metadata_clean!$B$2,--$C14<=--Campaign_Metadata_clean!$C$2),"SummerBeats", IF(AND(--$C14>=--Campaign_Metadata_clean!$B$3,--$C14<=--Campaign_Metadata_clean!$C$3),"Wrapped2024", IF(AND(--$C14>=--Campaign_Metadata_clean!$B$4,--$C14<=--Campaign_Metadata_clean!$C$4),"ChillVibes", IF(AND(--$C14>=--Campaign_Metadata_clean!$B$5,--$C14<=--Campaign_Metadata_clean!$C$5),"IndieWave","No Campaign")))) -> No Campaign | R14: =IF(AND(C14>=DATE(2025,1,10), C14<=DATE(2025,2,10)), "During", IF(C14<DATE(2025,1,10), "Before", "Other")) -> Other | S14: =IF(OR(X14="",Y14=""),"", IF(AND(C14>=X14-30,C14<X14),"Before", IF(AND(C14>=X14,C14<=Y14),"During","Other"))) | X14: =IFERROR( _xlfn.XLOOKUP(Q14, Campaign_Metadata_clean!A:A, Campaign_Metadata_clean!B:B), "") | Y14: =IFERROR( _xlfn.XLOOKUP(Q14, Campaign_Metadata_clean!A:A, Campaign_Metadata_clean!C:C), "") | Z14: =IFERROR( AVERAGEIFS(N:N, C:C, ">=" & X14-30, C:C, "<" & X14), 0) -> 0 | AA14: =IFERROR( AVERAGEIFS(N:N, C:C, ">=" & X14, C:C, "<=" & Y14), 0) -> 0 | AB14: =IF(AA14=0,0,(AB14-AA14)/AA14) -> 0
A15: SP014 | B15: Twitter | C15: 45573 | D15: Text | E15: From pop to podcasts, it's all here. | F15: 2460 | G15: 409 | H15: 253 | I15: 36702 | J15: 46122 | K15: 264 | L15: #NowPlaying | N15: =(F15+G15+H15)/I15 -> 0.085063484 | O15: =RANK(N15,$N:$N,0) -> 155 | P15: =F15+G15+H15 -> 3122 | Q15: =IF(AND(--$C15>=--Campaign_Metadata_clean!$B$2,--$C15<=--Campaign_Metadata_clean!$C$2),"SummerBeats", IF(AND(--$C15>=--Campaign_Metadata_clean!$B$3,--$C15<=--Campaign_Metadata_clean!$C$3),"Wrapped2024", IF(AND(--$C15>=--Campaign_Metadata_clean!$B$4,--$C15<=--Campaign_Metadata_clean!$C$4),"ChillVibes", IF(AND(--$C15>=--Campaign_Metadata_clean!$B$5,--$C15<=--Campaign_Metadata_clean!$C$5),"IndieWave","No Campaign")))) -> No Campaign | R15: =IF(AND(C15>=DATE(2025,1,10), C15<=DATE(2025,2,10)), "During", IF(C15<DATE(2025,1,10), "Before", "Other")) -> Before | S15: =IF(OR(X15="",Y15=""),"", IF(AND(C15>=X15-30,C15<X15),"Before", IF(AND(C15>=X15,C15<=Y15),"During","Other"))) | X15: =IFERROR( _xlfn.XLOOKUP(Q15, Campaign_Metadata_clean!A:A, Campaign_Metadata_clean!B:B), "") | Y15: =IFERROR( _xlfn.XLOOKUP(Q15, Campaign_Metadata_clean!A:A, Campaign_Metadata_clean!C:C), "") | Z15: =IFERROR( AVERAGEIFS(N:N, C:C, ">=" & X15-30, C:C, "<" & X15), 0) -> 0 | AA15: =IFERROR( AVERAGEIFS(N:N, C:C, ">=" & X15, C:C, "<=" & Y15), 0) -> 0 | AB15: =IF(AA15=0,0,(AB15-AA15)/AA15) -> 0
A16: SP015 | B16: Twitter | C16: 45418 | D16: Text | E16: Your weekend playlist is waiting. | F16: 3476 | G16: 355 | H16: 396 | I16: 37492 | J16: 27285 | K16: 179 | L16: #NowPlaying | N16: =(F16+G16+H16)/I16 -> 0.11274405 | O16: =RANK(N16,$N:$N,0) -> 75 | P16: =F16+G16+H16 -> 4227 | Q16: =IF(AND(--$C16>=--Campaign_Metadata_clean!$B$2,--$C16<=--Campaign_Metadata_clean!$C$2),"SummerBeats", IF(AND(--$C16>=--Campaign_Metadata_clean!$B$3,--$C16<=--Campaign_Metadata_clean!$C$3),"Wrapped2024", IF(AND(--$C16>=--Campaign_Metadata_clean!$B$4,--$C16<=--Campaign_Metadata_clean!$C$4),"ChillVibes", IF(AND(--$C16>=--Campaign_Metadata_clean!$B$5,--$C16<=--Campaign_Metadata_clean!$C$5),"IndieWave","No Campaign")))) -> No Campaign | R16: =IF(AND(C16>=DATE(2025,1,10), C16<=DATE(2025,2,10)), "During", IF(C16<DATE(2025,1,10), "Before", "Other")) -> Before | S16: =IF(OR(X16="",Y16=""),"", IF(AND(C16>=X16-30,C16<X16),"Before", IF(AND(C16>=X16,C16<=Y16),"During","Other"))) | X16: =IFERROR( _xlfn.XLOOKUP(Q16, Campaign_Metadata_clean!A:A, Campaign_Metadata_clean!B:B), "") | Y16: =IFERROR( _xlfn.XLOOKUP(Q16, Campaign_Metadata_clean!A:A, Campaign_Metadata_clean!C:C), "") | Z16: =IFERROR( AVERAGEIFS(N:N, C:C, ">=" & X16-30, C:C, "<" & X16), 0) -> 0 | AA16: =IFERROR( AVERAGEIFS(N:N, C:C, ">=" & X16, C:C, "<=" & Y16), 0) -> 0 | AB16: =IF(AA16=0,0,(AB16-AA16)/AA16) -> 0
A17: SP016 | B17: Twitter | C17: 45655 | D17: Story | E17: New music just dropped. Hit play! | F17: 4049 | G17: 377 | H17: 94 | I17: 48182 | J17: 42875 | K17: 172 | L17: #MusicForEveryone | M17: #NowPlaying | N17: =(F17+G17+H17)/I17 -> 0.093810967 | O17: =RANK(N17,$N:$N,0) -> 127 | P17: =F17+G17+H17 -> 4520 | Q17: =IF(AND(--$C17>=--Campaign_Metadata_clean!$B$2,--$C17<=--Campaign_Metadata_clean!$C$2),"SummerBeats", IF(AND(--$C17>=--Campaign_Metadata_clean!$B$3,--$C17<=--Campaign_Metadata_clean!$C$3),"Wrapped2024", IF(AND(--$C17>=--Campaign_Metadata_clean!$B$4,--$C17<=--Campaign_Metadata_clean!$C$4),"ChillVibes", IF(AND(--$C17>=--Campaign_Metadata_clean!$B$5,--$C17<=--Campaign_Metadata_clean!$C$5),"IndieWave","No Campaign")))) -> Wrapped2024 | R17: =IF(AND(C17>=DATE(2025,1,10), C17<=DATE(2025,2,10)), "During", IF(C17<DATE(2025,1,10), "Before", "Other")) -> Before | S17: =IF(OR(X17="",Y17=""),"", IF(AND(C17>=X17-30,C17<X17),"Before", IF(AND(C17>=X17,C17<=Y17),"During","Other"))) -> During | X17: =IFERROR( _xlfn.XLOOKUP(Q17, Campaign_Metadata_clean!A:A, Campaign_Metadata_clean!B:B), "") -> 45627 | Y17: =IFERROR( _xlfn.XLOOKUP(Q17, Campaign_Metadata_clean!A:A, Campaign_Metadata_clean!C:C), "") -> 45657 | Z17: =IFERROR( AVERAGEIFS(N:N, C:C, ">=" & X17-30, C:C, "<" & X17), 0) -> 0.092680819 | AA17: =IFERROR( AVERAGEIFS(N:N, C:C, ">=" & X17, C:C, "<=" & Y17), 0) -> 0.099294725 | AB17: =IF(AA17=0,0,(AB17-AA17)/AA17) -> 0
A18: SP017 | B18: Twitter | C18: 45453 | D18: Text | E18: What's your vibe today? #SpotifyHits | F18: 1514 | G18: 164 | H18: 275 | I18: 41364 | J18: 44389 | K18: 83 | L18: #NowPlaying | N18: =(F18+G18+H18)/I18 -> 0.04721497 | O18: =RANK(N18,$N:$N,0) -> 261 | P18: =F18+G18+H18 -> 1953 | Q18: =IF(AND(--$C18>=--Campaign_Metadata_clean!$B$2,--$C18<=--Campaign_Metadata_clean!$C$2),"SummerBeats", IF(AND(--$C18>=--Campaign_Metadata_clean!$B$3,--$C18<=--Campaign_Metadata_clean!$C$3),"Wrapped2024", IF(AND(--$C18>=--Campaign_Metadata_clean!$B$4,--$C18<=--Campaign_Metadata_clean!$C$4),"ChillVibes", IF(AND(--$C18>=--Campaign_Metadata_clean!$B$5,--$C18<=--Campaign_Metadata_clean!$C$5),"IndieWave","No Campaign")))) -> No Campaign | R18: =IF(AND(C18>=DATE(2025,1,10), C18<=DATE(2025,2,10)), "During", IF(C18<DATE(2025,1,10), "Before", "Other")) -> Before | S18: =IF(OR(X18="",Y18=""),"", IF(AND(C18>=X18-30,C18<X18),"Before", IF(AND(C18>=X18,C18<=Y18),"During","Other"))) | X18: =IFERROR( _xlfn.XLOOKUP(Q18, Campaign_Metadata_clean!A:A, Campaign_Metadata_clean!B:B), "") | Y18: =IFERROR( _xlfn.XLOOKUP(Q18, Campaign_Metadata_clean!A:A, Campaign_Metadata_clean!C:C), "") | Z18: =IFERROR( AVERAGEIFS(N:N, C:C, ">=" & X18-30, C:C, "<" & X18), 0) -> 0 | AA18: =IFERROR( AVERAGEIFS(N:N, C:C, ">=" & X18, C:C, "<=" & Y18), 0) -> 0 | AB18: =IF(AA18=0,0,(AB18-AA18)/AA18) -> 0
A19: SP018 | B19: Instagram | C19: 45325 | D19: Story | E19: Music that moves you-only on Spotify. | F19: 4281 | G19: 101 | H19: 163 | I19: 32278 | J19: 53382 | K19: 235 | L19: #NowPlaying | N19: =(F19+G19+H19)/I19 -> 0.14080798 | O19: =RANK(N19,$N:$N,0) -> 46 | P19: =F19+G19+H19 -> 4545 | Q19: =IF(AND(--$C19>=--Campaign_Metadata_clean!$B$2,--$C19<=--Campaign_Metadata_clean!$C$2),"SummerBeats", IF(AND(--$C19>=--Campaign_Metadata_clean!$B$3,--$C19<=--Campaign_Metadata_clean!$C$3),"Wrapped2024", IF(AND(--$C19>=--Campaign_Metadata_clean!$B$4,--$C19<=--Campaign_Metadata_clean!$C$4),"ChillVibes", IF(AND(--$C19>=--Campaign_Metadata_clean!$B$5,--$C19<=--Campaign_Metadata_clean!$C$5),"IndieWave","No Campaign")))) -> No Campaign | R19: =IF(AND(C19>=DATE(2025,1,10), C19<=DATE(2025,2,10)), "During", IF(C19<DATE(2025,1,10), "Before", "Other")) -> Before | S19: =IF(OR(X19="",Y19=""),"", IF(AND(C19>=X19-30,C19<X19),"Before", IF(AND(C19>=X19,C19<=Y19),"During","Other"))) | X19: =IFERROR( _xlfn.XLOOKUP(Q19, Campaign_Metadata_clean!A:A, Campaign_Metadata_clean!B:B), "") | Y19: =IFERROR( _xlfn.XLOOKUP(Q19, Campaign_Metadata_clean!A:A, Campaign_Metadata_clean!C:C), "") | Z19: =IFERROR( AVERAGEIFS(N:N, C:C, ">=" & X19-30, C:C, "<" & X19), 0) -> 0 | AA19: =IFERROR( AVERAGEIFS(N:N, C:C, ">=" & X19, C:C, "<=" & Y19), 0) -> 0 | AB19: =IF(AA19=0,0,(AB19-AA19)/AA19) -> 0
A20: SP019 | B20: YouTube | C20: 45458 | D20: Reel | E20: Get into the groove with our new drop! | F20: 1751 | G20: 143 | H20: 151 | I20: 31826 | J20: 47729 | K20: 95 | L20: #DiscoverWeekly | M20: #SoundtrackOfLife | N20: =(F20+G20+H20)/I20 -> 0.06425564 | O20: =RANK(N20,$N:$N,0) -> 213 | P20: =F20+G20+H20 -> 2045 | Q20: =IF(AND(--$C20>=--Campaign_Metadata_clean!$B$2,--$C20<=--Campaign_Metadata_clean!$C$2),"SummerBeats", IF(AND(--$C20>=--Campaign_Metadata_clean!$B$3,--$C20<=--Campaign_Metadata_clean!$C$3),"Wrapped2024", IF(AND(--$C20>=--Campaign_Metadata_clean!$B$4,--$C20<=--Campaign_Metadata_clean!$C$4),"ChillVibes", IF(AND(--$C20>=--Campaign_Metadata_clean!$B$5,--$C20<=--Campaign_Metadata_clean!$C$5),"IndieWave","No Campaign")))) -> SummerBeats | R20: =IF(AND(C20>=DATE(2025,1,10), C20<=DATE(2025,2,10)), "During", IF(C20<DATE(2025,1,10), "Before", "Other")) -> Before | S20: =IF(OR(X20="",Y20=""),"", IF(AND(C20>=X20-30,C20<X20),"Before", IF(AND(C20>=X20,C20<=Y20),"During","Other"))) -> During | X20: =IFERROR( _xlfn.XLOOKUP(Q20, Campaign_Metadata_clean!A:A, Campaign_Metadata_clean!B:B), "") -> 45458 | Y20: =IFERROR( _xlfn.XLOOKUP(Q20, Campaign_Metadata_clean!A:A, Campaign_Metadata_clean!C:C), "") -> 45488 | Z20: =IFERROR( AVERAGEIFS(N:N, C:C, ">=" & X20-30, C:C, "<" & X20), 0) -> 0.077477552 | AA20: =IFERROR( AVERAGEIFS(N:N, C:C, ">=" & X20, C:C, "<=" & Y20), 0) -> 0.096749506 | AB20: =IF(AA20=0,0,(AB20-AA20)/AA20) -> 0
A21: SP020 | B21: Instagram | C21: 45478 | D21: Text | E21: Your weekend playlist is waiting. | F21: 3753 | G21: 411 | H21: 308 | I21: 29138 | J21: 27678 | K21: 90 | L21: #DiscoverWeekly | N21: =(F21+G21+H21)/I21 -> 0.15347656 | O21: =RANK(N21,$N:$N,0) -> 35 | P21: =F21+G21+H21 -> 4472 | Q21: =IF(AND(--$C21>=--Campaign_Metadata_clean!$B$2,--$C21<=--Campaign_Metadata_clean!$C$2),"SummerBeats", IF(AND(--$C21>=--Campaign_Metadata_clean!$B$3,--$C21<=--Campaign_Metadata_clean!$C$3),"Wrapped2024", IF(AND(--$C21>=--Campaign_Metadata_clean!$B$4,--$C21<=--Campaign_Metadata_clean!$C$4),"ChillVibes", IF(AND(--$C21>=--Campaign_Metadata_clean!$B$5,--$C21<=--Campaign_Metadata_clean!$C$5),"IndieWave","No Campaign")))) -> SummerBeats | R21: =IF(AND(C21>=DATE(2025,1,10), C21<=DATE(2025,2,10)), "During", IF(C21<DATE(2025,1,10), "Before", "Other")) -> Before | S21: =IF(OR(X21="",Y21=""),"", IF(AND(C21>=X21-30,C21<X21),"Before", IF(AND(C21>=X21,C21<=Y21),"During","Other"))) -> During | X21: =IFERROR( _xlfn.XLOOKUP(Q21, Campaign_Metadata_clean!A:A, Campaign_Metadata_clean!B:B), "") -> 45458 | Y21: =IFERROR( _xlfn.XLOOKUP(Q21, Campaign_Metadata_clean!A:A, Campaign_Metadata_clean!C:C), "") -> 45488 | Z21: =IFERROR( AVERAGEIFS(N:N, C:C, ">=" & X21-30, C:C, "<" & X21), 0) -> 0.077477552 | AA21: =IFERROR( AVERAGEIFS(N:N, C:C, ">=" & X21, C:C, "<=" & Y21), 0) -> 0.096749506 | AB21: =IF(AA21=0,0,(AB21-AA21)/AA21) -> 0
A22: SP021 | B22: Instagram | C22: 45603 | D22: Story | E22: Wrapped is here! Relive your top tracks | F22: 1678 | G22: 423 | H22: 323 | I22: 55668 | J22: 37945 | K22: 230 | L22: #NowPlaying | N22: =(F22+G22+H22)/I22 -> 0.043543867 | O22: =RANK(N22,$N:$N,0) -> 271 | P22: =F22+G22+H22 -> 2424 | Q22: =IF(AND(--$C22>=--Campaign_Metadata_clean!$B$2,--$C22<=--Campaign_Metadata_clean!$C$2),"SummerBeats", IF(AND(--$C22>=--Campaign_Metadata_clean!$B$3,--$C22<=--Campaign_Metadata_clean!$C$3),"Wrapped2024", IF(AND(--$C22>=--Campaign_Metadata_clean!$B$4,--$C22<=--Campaign_Metadata_clean!$C$4),"ChillVibes", IF(AND(--$C22>=--Campaign_Metadata_clean!$B$5,--$C22<=--Campaign_Metadata_clean!$C$5),"IndieWave","No Campaign")))) -> No Campaign | R22: =IF(AND(C22>=DATE(2025,1,10), C22<=DATE(2025,2,10)), "During", IF(C22<DATE(2025,1,10), "Before", "Other")) -> Before | S22: =IF(OR(X22="",Y22=""),"", IF(AND(C22>=X22-30,C22<X22),"Before", IF(AND(C22>=X22,C22<=Y22),"During","Other"))) | X22: =IFERROR( _xlfn.XLOOKUP(Q22, Campaign_Metadata_clean!A:A, Campaign_Metadata_clean!B:B), "") | Y22: =IFERROR( _xlfn.XLOOKUP(Q22, Campaign_Metadata_clean!A:A, Campaign_Metadata_clean!C:C), "") | Z22: =IFERROR( AVERAGEIFS(N:N, C:C, ">=" & X22-30, C:C, "<" & X22), 0) -> 0 | AA22: =IFERROR( AVERAGEIFS(N:N, C:C, ">=" & X22, C:C, "<=" & Y22), 0) -> 0 | AB22: =IF(AA22=0,0,(AB22-AA22)/AA22) -> 0
A23: SP022 | B23: Instagram | C23: 45823 | D23: Text | E23: What's your vibe today? #SpotifyHits | F23: 4896 | G23: 466 | H23: 233 | I23: 28621 | J23: 34270 | K23: 84 | L23: #SoundtrackOfLife | M23: #NowPlaying | N23: =(F23+G23+H23)/I23 -> 0.19548583 | O23: =RANK(N23,$N:$N,0) -> 6 | P23: =F23+G23+H23 -> 5595 | Q23: =IF(AND(--$C23>=--Campaign_Metadata_clean!$B$2,--$C23<=--Campaign_Metadata_clean!$C$2),"SummerBeats", IF(AND(--$C23>=--Campaign_Metadata_clean!$B$3,--$C23<=--Campaign_Metadata_clean!$C$3),"Wrapped2024", IF(AND(--$C23>=--Campaign_Metadata_clean!$B$4,--$C23<=--Campaign_Metadata_clean!$C$4),"ChillVibes", IF(AND(--$C23>=--Campaign_Metadata_clean!$B$5,--$C23<=--Campaign_Metadata_clean!$C$5),"IndieWave","No Campaign")))) -> No Campaign | R23: =IF(AND(C23>=DATE(2025,1,10), C23<=DATE(2025,2,10)), "During", IF(C23<DATE(2025,1,10), "Before", "Other")) -> Other | S23: =IF(OR(X23="",Y23=""),"", IF(AND(C23>=X23-30,C23<X23),"Before", IF(AND(C23>=X23,C23<=Y23),"During","Other"))) | X23: =IFERROR( _xlfn.XLOOKUP(Q23, Campaign_Metadata_clean!A:A, Campaign_Metadata_clean!B:B), "") | Y23: =IFERROR( _xlfn.XLOOKUP(Q23, Campaign_Metadata_clean!A:A, Campaign_Metadata_clean!C:C), "") | Z23: =IFERROR( AVERAGEIFS(N:N, C:C, ">=" & X23-30, C:C, "<" & X23), 0) -> 0 | AA23: =IFERROR( AVERAGEIFS(N:N, C:C, ">=" & X23, C:C, "<=" & Y23), 0) -> 0 | AB23: =IF(AA23=0,0,(AB23-AA23)/AA23) -> 0
A24: SP023 | B24: YouTube | C24: 45452 | D24: Reel | E24: From pop to podcasts, it's all here. | F24: 2786 | G24: 368 | H24: 208 | I24: 42000 | J24: 39967 | K24: 103 | L24: #DiscoverWeekly | M24: #SoundtrackOfLife | N24: =(F24+G24+H24)/I24 -> 0.080047619 | O24: =RANK(N24,$N:$N,0) -> 178 | P24: =F24+G24+H24 -> 3362 | Q24: =IF(AND(--$C24>=--Campaign_Metadata_clean!$B$2,--$C24<=--Campaign_Metadata_clean!$C$2),"SummerBeats", IF(AND(--$C24>=--Campaign_Metadata_clean!$B$3,--$C24<=--Campaign_Metadata_clean!$C$3),"Wrapped2024", IF(AND(--$C24>=--Campaign_Metadata_clean!$B$4,--$C24<=--Campaign_Metadata_clean!$C$4),"ChillVibes", IF(AND(--$C24>=--Campaign_Metadata_clean!$B$5,--$C24<=--Campaign_Metadata_clean!$C$5),"IndieWave","No Campaign")))) -> No Campaign | R24: =IF(AND(C24>=DATE(2025,1,10), C24<=DATE(2025,2,10)), "During", IF(C24<DATE(2025,1,10), "Before", "Other")) -> Before | S24: =IF(OR(X24="",Y24=""),"", IF(AND(C24>=X24-30,C24<X24),"Before", IF(AND(C24>=X24,C24<=Y24),"During","Other"))) | X24: =IFERROR( _xlfn.XLOOKUP(Q24, Campaign_Metadata_clean!A:A, Campaign_Metadata_clean!B:B), "") | Y24: =IFERROR( _xlfn.XLOOKUP(Q24, Campaign_Metadata_clean!A:A, Campaign_Metadata_clean!C:C), "") | Z24: =IFERROR( AVERAGEIFS(N:N, C:C, ">=" & X24-30, C:C, "<" & X24), 0) -> 0 | AA24: =IFERROR( AVERAGEIFS(N:N, C:C, ">=" & X24, C:C, "<=" & Y24), 0) -> 0 | AB24: =IF(AA24=0,0,(AB24-AA24)/AA24) -> 0
A25: SP024 | B25: Twitter | C25: 45583 | D25: Text | E25: New music just dropped. Hit play! | F25: 2607 | G25: 379 | H25: 180 | I25: 28712 | J25: 61620 | K25: 174 | L25: #SoundtrackOfLife | N25: =(F25+G25+H25)/I25 -> 0.11026748 | O25: =RANK(N25,$N:$N,0) -> 83 | P25: =F25+G25+H25 -> 3166 | Q25: =IF(AND(--$C25>=--Campaign_Metadata_clean!$B$2,--$C25<=--Campaign_Metadata_clean!$C$2),"SummerBeats", IF(AND(--$C25>=--Campaign_Metadata_clean!$B$3,--$C25<=--Campaign_Metadata_clean!$C$3),"Wrapped2024", IF(AND(--$C25>=--Campaign_Metadata_clean!$B$4,--$C25<=--Campaign_Metadata_clean!$C$4),"ChillVibes", IF(AND(--$C25>=--Campaign_Metadata_clean!$B$5,--$C25<=--Campaign_Metadata_clean!$C$5),"IndieWave","No Campaign")))) -> No Campaign | R25: =IF(AND(C25>=DATE(2025,1,10), C25<=DATE(2025,2,10)), "During", IF(C25<DATE(2025,1,10), "Before", "Other")) -> Before | S25: =IF(OR(X25="",Y25=""),"", IF(AND(C25>=X25-30,C25<X25),"Before", IF(AND(C25>=X25,C25<=Y25),"During","Other"))) | X25: =IFERROR( _xlfn.XLOOKUP(Q25, Campaign_Metadata_clean!A:A, Campaign_Metadata_clean!B:B), "") | Y25: =IFERROR( _xlfn.XLOOKUP(Q25, Campaign_Metadata_clean!A:A, Campaign_Metadata_clean!C:C), "") | Z25: =IFERROR( AVERAGEIFS(N:N, C:C, ">=" & X25-30, C:C, "<" & X25), 0) -> 0 | AA25: =IFERROR( AVERAGEIFS(N:N, C:C, ">=" & X25, C:C, "<=" & Y25), 0) -> 0 | AB25: =IF(AA25=0,0,(AB25-AA25)/AA25) -> 0
A26: SP025 | B26: YouTube | C26: 45575 | D26: Reel | E26: From pop to podcasts, it's all here. | F26: 4013 | G26: 320 | H26: 92 | I26: 54605 | J26: 60169 | K26: 232 | L26: #DiscoverWeekly | M26: #SoundtrackOfLife | N26: =(F26+G26+H26)/I26 -> 0.081036535 | O26: =RANK(N26,$N:$N,0) -> 174 | P26: =F26+G26+H26 -> 4425 | Q26: =IF(AND(--$C26>=--Campaign_Metadata_clean!$B$2,--$C26<=--Campaign_Metadata_clean!$C$2),"SummerBeats", IF(AND(--$C26>=--Campaign_Metadata_clean!$B$3,--$C26<=--Campaign_Metadata_clean!$C$3),"Wrapped2024", IF(AND(--$C26>=--Campaign_Metadata_clean!$B$4,--$C26<=--Campaign_Metadata_clean!$C$4),"ChillVibes", IF(AND(--$C26>=--Campaign_Metadata_clean!$B$5,--$C26<=--Campaign_Metadata_clean!$C$5),"IndieWave","No Campaign")))) -> No Campaign | R26: =IF(AND(C26>=DATE(2025,1,10), C26<=DATE(2025,2,10)), "During", IF(C26<DATE(2025,1,10), "Before", "Other")) -> Before | S26: =IF(OR(X26="",Y26=""),"", IF(AND(C26>=X26-30,C26<X26),"Before", IF(AND(C26>=X26,C26<=Y26),"During","Other"))) | X26: =IFERROR( _xlfn.XLOOKUP(Q26, Campaign_Metadata_clean!A:A, Campaign_Metadata_clean!B:B), "") | Y26: =IFERROR( _xlfn.XLOOKUP(Q26, Campaign_Metadata_clean!A:A, Campaign_Metadata_clean!C:C), "") | Z26: =IFERROR( AVERAGEIFS(N:N, C:C, ">=" & X26-30, C:C, "<" & X26), 0) -> 0 | AA26: =IFERROR( AVERAGEIFS(N:N, C:C, ">=" & X26, C:C, "<=" & Y26), 0) -> 0 | AB26: =IF(AA26=0,0,(AB26-AA26)/AA26) -> 0
A27: SP026 | B27: Twitter | C27: 45791 | D27: Story | E27: From pop to podcasts, it's all here. | F27: 2707 | G27: 103 | H27: 51 | I27: 55302 | J27: 18801 | K27: 147 | L27: #DiscoverWeekly | M27: #MusicForEveryone | N27: =(F27+G27+H27)/I27 -> 0.051734114 | O27: =RANK(N27,$N:$N,0) -> 251 | P27: =F27+G27+H27 -> 2861 | Q27: =IF(AND(--$C27>=--Campaign_Metadata_clean!$B$2,--$C27<=--Campaign_Metadata_clean!$C$2),"SummerBeats", IF(AND(--$C27>=--Campaign_Metadata_clean!$B$3,--$C27<=--Campaign_Metadata_clean!$C$3),"Wrapped2024", IF(AND(--$C27>=--Campaign_Metadata_clean!$B$4,--$C27<=--Campaign_Metadata_clean!$C$4),"ChillVibes", IF(AND(--$C27>=--Campaign_Metadata_clean!$B$5,--$C27<=--Campaign_Metadata_clean!$C$5),"IndieWave","No Campaign")))) -> No Campaign | R27: =IF(AND(C27>=DATE(2025,1,10), C27<=DATE(2025,2,10)), "During", IF(C27<DATE(2025,1,10), "Before", "Other")) -> Other | S27: =IF(OR(X27="",Y27=""),"", IF(AND(C27>=X27-30,C27<X27),"Before", IF(AND(C27>=X27,C27<=Y27),"During","Other"))) | X27: =IFERROR( _xlfn.XLOOKUP(Q27, Campaign_Metadata_clean!A:A, Campaign_Metadata_clean!B:B), "") | Y27: =IFERROR( _xlfn.XLOOKUP(Q27, Campaign_Metadata_clean!A:A, Campaign_Metadata_clean!C:C), "") | Z27: =IFERROR( AVERAGEIFS(N:N, C:C, ">=" & X27-30, C:C, "<" & X27), 0) -> 0 | AA27: =IFERROR( AVERAGEIFS(N:N, C:C, ">=" & X27, C:C, "<=" & Y27), 0) -> 0 | AB27: =IF(AA27=0,0,(AB27-AA27)/AA27) -> 0
A28: SP027 | B28: Instagram | C28: 45625 | D28: Text | E28: What's your vibe today? #SpotifyHits | F28: 2824 | G28: 425 | H28: 274 | I28: 31004 | J28: 53488 | K28: 268 | L28: #SoundtrackOfLife | M28: #NowPlaying | N28: =(F28+G28+H28)/I28 -> 0.1136305 | O28: =RANK(N28,$N:$N,0) -> 73 | P28: =F28+G28+H28 -> 3523 | Q28: =IF(AND(--$C28>=--Campaign_Metadata_clean!$B$2,--$C28<=--Campaign_Metadata_clean!$C$2),"SummerBeats", IF(AND(--$C28>=--Campaign_Metadata_clean!$B$3,--$C28<=--Campaign_Metadata_clean!$C$3),"Wrapped2024", IF(AND(--$C28>=--Campaign_Metadata_clean!$B$4,--$C28<=--Campaign_Metadata_clean!$C$4),"ChillVibes", IF(AND(--$C28>=--Campaign_Metadata_clean!$B$5,--$C28<=--Campaign_Metadata_clean!$C$5),"IndieWave","No Campaign")))) -> No Campaign | R28: =IF(AND(C28>=DATE(2025,1,10), C28<=DATE(2025,2,10)), "During", IF(C28<DATE(2025,1,10), "Before", "Other")) -> Before | S28: =IF(OR(X28="",Y28=""),"", IF(AND(C28>=X28-30,C28<X28),"Before", IF(AND(C28>=X28,C28<=Y28),"During","Other"))) | X28: =IFERROR( _xlfn.XLOOKUP(Q28, Campaign_Metadata_clean!A:A, Campaign_Metadata_clean!B:B), "") | Y28: =IFERROR( _xlfn.XLOOKUP(Q28, Campaign_Metadata_clean!A:A, Campaign_Metadata_clean!C:C), "") | Z28: =IFERROR( AVERAGEIFS(N:N, C:C, ">=" & X28-30, C:C, "<" & X28), 0) -> 0 | AA28: =IFERROR( AVERAGEIFS(N:N, C:C, ">=" & X28, C:C, "<=" & Y28), 0) -> 0 | AB28: =IF(AA28=0,0,(AB28-AA28)/AA28) -> 0
A29: SP028 | B29: YouTube | C29: 45356 | D29: Reel | E29: Explore the latest podcasts now. | F29: 3558 | G29: 314 | H29: 199 | I29: 49612 | J29: 53929 | K29: 206 | L29: #DiscoverWeekly | M29: #SoundtrackOfLife | N29: =(F29+G29+H29)/I29 -> 0.08205676 | O29: =RANK(N29,$N:$N,0) -> 169 | P29: =F29+G29+H29 -> 4071 | Q29: =IF(AND(--$C29>=--Campaign_Metadata_clean!$B$2,--$C29<=--Campaign_Metadata_clean!$C$2),"SummerBeats", IF(AND(--$C29>=--Campaign_Metadata_clean!$B$3,--$C29<=--Campaign_Metadata_clean!$C$3),"Wrapped2024", IF(AND(--$C29>=--Campaign_Metadata_clean!$B$4,--$C29<=--Campaign_Metadata_clean!$C$4),"ChillVibes", IF(AND(--$C29>=--Campaign_Metadata_clean!$B$5,--$C29<=--Campaign_Metadata_clean!$C$5),"IndieWave","No Campaign")))) -> No Campaign | R29: =IF(AND(C29>=DATE(2025,1,10), C29<=DATE(2025,2,10)), "During", IF(C29<DATE(2025,1,10), "Before", "Other")) -> Before | S29: =IF(OR(X29="",Y29=""),"", IF(AND(C29>=X29-30,C29<X29),"Before", IF(AND(C29>=X29,C29<=Y29),"During","Other"))) | X29: =IFERROR( _xlfn.XLOOKUP(Q29, Campaign_Metadata_clean!A:A, Campaign_Metadata_clean!B:B), "") | Y29: =IFERROR( _xlfn.XLOOKUP(Q29, Campaign_Metadata_clean!A:A, Campaign_Metadata_clean!C:C), "") | Z29: =IFERROR( AVERAGEIFS(N:N, C:C, ">=" & X29-30, C:C, "<" & X29), 0) -> 0 | AA29: =IFERROR( AVERAGEIFS(N:N, C:C, ">=" & X29, C:C, "<=" & Y29), 0) -> 0 | AB29: =IF(AA29=0,0,(AB29-AA29)/AA29) -> 0
A30: SP029 | B30: Twitter | C30: 45734 | D30: Story | E30: Explore the latest podcasts now. | F30: 3418 | G30: 188 | H30: 387 | I30: 57431 | J30: 36933 | K30: 202 | L30: #MusicForEveryone | M30: #NowPlaying | N30: =(F30+G30+H30)/I30 -> 0.069526911 | O30: =RANK(N30,$N:$N,0) -> 203 | P30: =F30+G30+H30 -> 3993 | Q30: =IF(AND(--$C30>=--Campaign_Metadata_clean!$B$2,--$C30<=--Campaign_Metadata_clean!$C$2),"SummerBeats", IF(AND(--$C30>=--Campaign_Metadata_clean!$B$3,--$C30<=--Campaign_Metadata_clean!$C$3),"Wrapped2024", IF(AND(--$C30>=--Campaign_Metadata_clean!$B$4,--$C30<=--Campaign_Metadata_clean!$C$4),"ChillVibes", IF(AND(--$C30>=--Campaign_Metadata_clean!$B$5,--$C30<=--Campaign_Metadata_clean!$C$5),"IndieWave","No Campaign")))) -> IndieWave | R30: =IF(AND(C30>=DATE(2025,1,10), C30<=DATE(2025,2,10)), "During", IF(C30<DATE(2025,1,10), "Before", "Other")) -> Other | S30: =IF(OR(X30="",Y30=""),"", IF(AND(C30>=X30-30,C30<X30),"Before", IF(AND(C30>=X30,C30<=Y30),"During","Other"))) -> During | X30: =IFERROR( _xlfn.XLOOKUP(Q30, Campaign_Metadata_clean!A:A, Campaign_Metadata_clean!B:B), "") -> 45717 | Y30: =IFERROR( _xlfn.XLOOKUP(Q30, Campaign_Metadata_clean!A:A, Campaign_Metadata_clean!C:C), "") -> 45747 | Z30: =IFERROR( AVERAGEIFS(N:N, C:C, ">=" & X30-30, C:C, "<" & X30), 0) -> 0.11058335 | AA30: =IFERROR( AVERAGEIFS(N:N, C:C, ">=" & X30, C:C, "<=" & Y30), 0) -> 0.10264546 | AB30: =IF(AA30=0,0,(AB30-AA30)/AA30) -> 0
A31: SP030 | B31: Twitter | C31: 45773 | D31: Text | E31: Discover fresh beats on Spotify! | F31: 2411 | G31: 194 | H31: 168 | I31: 26665 | J31: 71699 | K31: 197 | L31: #NowPlaying | N31: =(F31+G31+H31)/I31 -> 0.103994 | O31: =RANK(N31,$N:$N,0) -> 101 | P31: =F31+G31+H31 -> 2773 | Q31: =IF(AND(--$C31>=--Campaign_Metadata_clean!$B$2,--$C31<=--Campaign_Metadata_clean!$C$2),"SummerBeats", IF(AND(--$C31>=--Campaign_Metadata_clean!$B$3,--$C31<=--Campaign_Metadata_clean!$C$3),"Wrapped2024", IF(AND(--$C31>=--Campaign_Metadata_clean!$B$4,--$C31<=--Campaign_Metadata_clean!$C$4),"ChillVibes", IF(AND(--$C31>=--Campaign_Metadata_clean!$B$5,--$C31<=--Campaign_Metadata_clean!$C$5),"IndieWave","No Campaign")))) -> No Campaign | R31: =IF(AND(C31>=DATE(2025,1,10), C31<=DATE(2025,2,10)), "During", IF(C31<DATE(2025,1,10), "Before", "Other")) -> Other | S31: =IF(OR(X31="",Y31=""),"", IF(AND(C31>=X31-30,C31<X31),"Before", IF(AND(C31>=X31,C31<=Y31),"During","Other"))) | X31: =IFERROR( _xlfn.XLOOKUP(Q31, Campaign_Metadata_clean!A:A, Campaign_Metadata_clean!B:B), "") | Y31: =IFERROR( _xlfn.XLOOKUP(Q31, Campaign_Metadata_clean!A:A, Campaign_Metadata_clean!C:C), "") | Z31: =IFERROR( AVERAGEIFS(N:N, C:C, ">=" & X31-30, C:C, "<" & X31), 0) -> 0 | AA31: =IFERROR( AVERAGEIFS(N:N, C:C, ">=" & X31, C:C, "<=" & Y31), 0) -> 0 | AB31: =IF(AA31=0,0,(AB31-AA31)/AA31) -> 0
A32: SP031 | B32: Instagram | C32: 45658 | D32: Text | E32: New music just dropped. Hit play! | F32: 4036 | G32: 112 | H32: 382 | I32: 56284 | J32: 29440 | K32: 279 | L32: #SoundtrackOfLife | M32: #NowPlaying | N32: =(F32+G32+H32)/I32 -> 0.080484685 | O32: =RANK(N32,$N:$N,0) -> 176 | P32: =F32+G32+H32 -> 4530 | Q32: =IF(AND(--$C32>=--Campaign_Metadata_clean!$B$2,--$C32<=--Campaign_Metadata_clean!$C$2),"SummerBeats", IF(AND(--$C32>=--Campaign_Metadata_clean!$B$3,--$C32<=--Campaign_Metadata_clean!$C$3),"Wrapped2024", IF(AND(--$C32>=--Campaign_Metadata_clean!$B$4,--$C32<=--Campaign_Metadata_clean!$C$4),"ChillVibes", IF(AND(--$C32>=--Campaign_Metadata_clean!$B$5,--$C32<=--Campaign_Metadata_clean!$C$5),"IndieWave","No Campaign")))) -> No Campaign | R32: =IF(AND(C32>=DATE(2025,1,10), C32<=DATE(2025,2,10)), "During", IF(C32<DATE(2025,1,10), "Before", "Other")) -> Before | S32: =IF(OR(X32="",Y32=""),"", IF(AND(C32>=X32-30,C32<X32),"Before", IF(AND(C32>=X32,C32<=Y32),"During","Other"))) | X32: =IFERROR( _xlfn.XLOOKUP(Q32, Campaign_Metadata_clean!A:A, Campaign_Metadata_clean!B:B), "") | Y32: =IFERROR( _xlfn.XLOOKUP(Q32, Campaign_Metadata_clean!A:A, Campaign_Metadata_clean!C:C), "") | Z32: =IFERROR( AVERAGEIFS(N:N, C:C, ">=" & X32-30, C:C, "<" & X32), 0) -> 0 | AA32: =IFERROR( AVERAGEIFS(N:N, C:C, ">=" & X32, C:C, "<=" & Y32), 0) -> 0 | AB32: =IF(AA32=0,0,(AB32-AA32)/AA32) -> 0
A33: SP032 | B33: Twitter | C33: 45419 | D33: Story | E33: Explore the latest podcasts now. | F33: 2776 | G33: 307 | H33: 178 | I33: 43365 | J33: 48408 | K33: 138 | L33: #SoundtrackOfLife | M33: #NowPlaying | N33: =(F33+G33+H33)/I33 -> 0.075198893 | O33: =RANK(N33,$N:$N,0) -> 187 | P33: =F33+G33+H33 -> 3261 | Q33: =IF(AND(--$C33>=--Campaign_Metadata_clean!$B$2,--$C33<=--Campaign_Metadata_clean!$C$2),"SummerBeats", IF(AND(--$C33>=--Campaign_Metadata_clean!$B$3,--$C33<=--Campaign_Metadata_clean!$C$3),"Wrapped2024", IF(AND(--$C33>=--Campaign_Metadata_clean!$B$4,--$C33<=--Campaign_Metadata_clean!$C$4),"ChillVibes", IF(AND(--$C33>=--Campaign_Metadata_clean!$B$5,--$C33<=--Campaign_Metadata_clean!$C$5),"IndieWave","No Campaign")))) -> No Campaign | R33: =IF(AND(C33>=DATE(2025,1,10), C33<=DATE(2025,2,10)), "During", IF(C33<DATE(2025,1,10), "Before", "Other")) -> Before | S33: =IF(OR(X33="",Y33=""),"", IF(AND(C33>=X33-30,C33<X33),"Before", IF(AND(C33>=X33,C33<=Y33),"During","Other"))) | X33: =IFERROR( _xlfn.XLOOKUP(Q33, Campaign_Metadata_clean!A:A, Campaign_Metadata_clean!B:B), "") | Y33: =IFERROR( _xlfn.XLOOKUP(Q33, Campaign_Metadata_clean!A:A, Campaign_Metadata_clean!C:C), "") | Z33: =IFERROR( AVERAGEIFS(N:N, C:C, ">=" & X33-30, C:C, "<" & X33), 0) -> 0 | AA33: =IFERROR( AVERAGEIFS(N:N, C:C, ">=" & X33, C:C, "<=" & Y33), 0) -> 0 | AB33: =IF(AA33=0,0,(AB33-AA33)/AA33) -> 0
A34: SP033 | B34: Twitter | C34: 45574 | D34: Story | E34: Discover fresh beats on Spotify! | F34: 4929 | G34: 182 | H34: 95 | I34: 32181 | J34: 31084 | K34: 289 | L34: #DiscoverWeekly | M34: #MusicForEveryone | N34: =(F34+G34+H34)/I34 -> 0.16177247 | O34: =RANK(N34,$N:$N,0) -> 25 | P34: =F34+G34+H34 -> 5206 | Q34: =IF(AND(--$C34>=--Campaign_Metadata_clean!$B$2,--$C34<=--Campaign_Metadata_clean!$C$2),"SummerBeats", IF(AND(--$C34>=--Campaign_Metadata_clean!$B$3,--$C34<=--Campaign_Metadata_clean!$C$3),"Wrapped2024", IF(AND(--$C34>=--Campaign_Metadata_clean!$B$4,--$C34<=--Campaign_Metadata_clean!$C$4),"ChillVibes", IF(AND(--$C34>=--Campaign_Metadata_clean!$B$5,--$C34<=--Campaign_Metadata_clean!$C$5),"IndieWave","No Campaign")))) -> No Campaign | R34: =IF(AND(C34>=DATE(2025,1,10), C34<=DATE(2025,2,10)), "During", IF(C34<DATE(2025,1,10), "Before", "Other")) -> Before | S34: =IF(OR(X34="",Y34=""),"", IF(AND(C34>=X34-30,C34<X34),"Before", IF(AND(C34>=X34,C34<=Y34),"During","Other"))) | X34: =IFERROR( _xlfn.XLOOKUP(Q34, Campaign_Metadata_clean!A:A, Campaign_Metadata_clean!B:B), "") | Y34: =IFERROR( _xlfn.XLOOKUP(Q34, Campaign_Metadata_clean!A:A, Campaign_Metadata_clean!C:C), "") | Z34: =IFERROR( AVERAGEIFS(N:N, C:C, ">=" & X34-30, C:C, "<" & X34), 0) -> 0 | AA34: =IFERROR( AVERAGEIFS(N:N, C:C, ">=" & X34, C:C, "<=" & Y34), 0) -> 0 | AB34: =IF(AA34=0,0,(AB34-AA34)/AA34) -> 0
A35: SP034 | B35: Instagram | C35: 45666 | D35: Text | E35: New music just dropped. Hit play! | F35: 1015 | G35: 366 | H35: 308 | I35: 38127 | J35: 63790 | K35: 287 | L35: #SoundtrackOfLife | M35: #NowPlaying | N35: =(F35+G35+H35)/I35 -> 0.044299315 | O35: =RANK(N35,$N:$N,0) -> 268 | P35: =F35+G35+H35 -> 1689 | Q35: =IF(AND(--$C35>=--Campaign_Metadata_clean!$B$2,--$C35<=--Campaign_Metadata_clean!$C$2),"SummerBeats", IF(AND(--$C35>=--Campaign_Metadata_clean!$B$3,--$C35<=--Campaign_Metadata_clean!$C$3),"Wrapped2024", IF(AND(--$C35>=--Campaign_Metadata_clean!$B$4,--$C35<=--Campaign_Metadata_clean!$C$4),"ChillVibes", IF(AND(--$C35>=--Campaign_Metadata_clean!$B$5,--$C35<=--Campaign_Metadata_clean!$C$5),"IndieWave","No Campaign")))) -> No Campaign | R35: =IF(AND(C35>=DATE(2025,1,10), C35<=DATE(2025,2,10)), "During", IF(C35<DATE(2025,1,10), "Before", "Other")) -> Before | S35: =IF(OR(X35="",Y35=""),"", IF(AND(C35>=X35-30,C35<X35),"Before", IF(AND(C35>=X35,C35<=Y35),"During","Other"))) | X35: =IFERROR( _xlfn.XLOOKUP(Q35, Campaign_Metadata_clean!A:A, Campaign_Metadata_clean!B:B), "") | Y35: =IFERROR( _xlfn.XLOOKUP(Q35, Campaign_Metadata_clean!A:A, Campaign_Metadata_clean!C:C), "") | Z35: =IFERROR( AVERAGEIFS(N:N, C:C, ">=" & X35-30, C:C, "<" & X35), 0) -> 0 | AA35: =IFERROR( AVERAGEIFS(N:N, C:C, ">=" & X35, C:C, "<=" & Y35), 0) -> 0 | AB35: =IF(AA35=0,0,(AB35-AA35)/AA35) -> 0
A36: SP035 | B36: Twitter | C36: 45785 | D36: Story | E36: Your weekend playlist is waiting. | F36: 3316 | G36: 332 | H36: 268 | I36: 40095 | J36: 36913 | K36: 265 | L36: #MusicForEveryone | M36: #NowPlaying | N36: =(F36+G36+H36)/I36 -> 0.097668038 | O36: =RANK(N36,$N:$N,0) -> 116 | P36: =F36+G36+H36 -> 3916 | Q36: =IF(AND(--$C36>=--Campaign_Metadata_clean!$B$2,--$C36<=--Campaign_Metadata_clean!$C$2),"SummerBeats", IF(AND(--$C36>=--Campaign_Metadata_clean!$B$3,--$C36<=--Campaign_Metadata_clean!$C$3),"Wrapped2024", IF(AND(--$C36>=--Campaign_Metadata_clean!$B$4,--$C36<=--Campaign_Metadata_clean!$C$4),"ChillVibes", IF(AND(--$C36>=--Campaign_Metadata_clean!$B$5,--$C36<=--Campaign_Metadata_clean!$C$5),"IndieWave","No Campaign")))) -> No Campaign | R36: =IF(AND(C36>=DATE(2025,1,10), C36<=DATE(2025,2,10)), "During", IF(C36<DATE(2025,1,10), "Before", "Other")) -> Other | S36: =IF(OR(X36="",Y36=""),"", IF(AND(C36>=X36-30,C36<X36),"Before", IF(AND(C36>=X36,C36<=Y36),"During","Other"))) | X36: =IFERROR( _xlfn.XLOOKUP(Q36, Campaign_Metadata_clean!A:A, Campaign_Metadata_clean!B:B), "") | Y36: =IFERROR( _xlfn.XLOOKUP(Q36, Campaign_Metadata_clean!A:A, Campaign_Metadata_clean!C:C), "") | Z36: =IFERROR( AVERAGEIFS(N:N, C:C, ">=" & X36-30, C:C, "<" & X36), 0) -> 0 | AA36: =IFERROR( AVERAGEIFS(N:N, C:C, ">=" & X36, C:C, "<=" & Y36), 0) -> 0 | AB36: =IF(AA36=0,0,(AB36-AA36)/AA36) -> 0
A37: SP036 | B37: Instagram | C37: 45416 | D37: Text | E37: Wrapped is here! Relive your top tracks | F37: 2274 | G37: 243 | H37: 222 | I37: 43066 | J37: 59174 | K37: 80 | L37: #DiscoverWeekly | N37: =(F37+G37+H37)/I37 -> 0.063600056 | O37: =RANK(N37,$N:$N,0) -> 215 | P37: =F37+G37+H37 -> 2739 | Q37: =IF(AND(--$C37>=--Campaign_Metadata_clean!$B$2,--$C37<=--Campaign_Metadata_clean!$C$2),"SummerBeats", IF(AND(--$C37>=--Campaign_Metadata_clean!$B$3,--$C37<=--Campaign_Metadata_clean!$C$3),"Wrapped2024", IF(AND(--$C37>=--Campaign_Metadata_clean!$B$4,--$C37<=--Campaign_Metadata_clean!$C$4),"ChillVibes", IF(AND(--$C37>=--Campaign_Metadata_clean!$B$5,--$C37<=--Campaign_Metadata_clean!$C$5),"IndieWave","No Campaign")))) -> No Campaign | R37: =IF(AND(C37>=DATE(2025,1,10), C37<=DATE(2025,2,10)), "During", IF(C37<DATE(2025,1,10), "Before", "Other")) -> Before | S37: =IF(OR(X37="",Y37=""),"", IF(AND(C37>=X37-30,C37<X37),"Before", IF(AND(C37>=X37,C37<=Y37),"During","Other"))) | X37: =IFERROR( _xlfn.XLOOKUP(Q37, Campaign_Metadata_clean!A:A, Campaign_Metadata_clean!B:B), "") | Y37: =IFERROR( _xlfn.XLOOKUP(Q37, Campaign_Metadata_clean!A:A, Campaign_Metadata_clean!C:C), "") | Z37: =IFERROR( AVERAGEIFS(N:N, C:C, ">=" & X37-30, C:C, "<" & X37), 0) -> 0 | AA37: =IFERROR( AVERAGEIFS(N:N, C:C, ">=" & X37, C:C, "<=" & Y37), 0) -> 0 | AB37: =IF(AA37=0,0,(AB37-AA37)/AA37) -> 0
A38: SP037 | B38: Twitter | C38: 45804 | D38: Story | E38: Explore the latest podcasts now. | F38: 4095 | G38: 385 | H38: 400 | I38: 45300 | J38: 31795 | K38: 80 | L38: #MusicForEveryone | M38: #NowPlaying | N38: =(F38+G38+H38)/I38 -> 0.10772627 | O38: =RANK(N38,$N:$N,0) -> 89 | P38: =F38+G38+H38 -> 4880 | Q38: =IF(AND(--$C38>=--Campaign_Metadata_clean!$B$2,--$C38<=--Campaign_Metadata_clean!$C$2),"SummerBeats", IF(AND(--$C38>=--Campaign_Metadata_clean!$B$3,--$C38<=--Campaign_Metadata_clean!$C$3),"Wrapped2024", IF(AND(--$C38>=--Campaign_Metadata_clean!$B$4,--$C38<=--Campaign_Metadata_clean!$C$4),"ChillVibes", IF(AND(--$C38>=--Campaign_Metadata_clean!$B$5,--$C38<=--Campaign_Metadata_clean!$C$5),"IndieWave","No Campaign")))) -> No Campaign | R38: =IF(AND(C38>=DATE(2025,1,10), C38<=DATE(2025,2,10)), "During", IF(C38<DATE(2025,1,10), "Before", "Other")) -> Other | S38: =IF(OR(X38="",Y38=""),"", IF(AND(C38>=X38-30,C38<X38),"Before", IF(AND(C38>=X38,C38<=Y38),"During","Other"))) | X38: =IFERROR( _xlfn.XLOOKUP(Q38, Campaign_Metadata_clean!A:A, Campaign_Metadata_clean!B:B), "") | Y38: =IFERROR( _xlfn.XLOOKUP(Q38, Campaign_Metadata_clean!A:A, Campaign_Metadata_clean!C:C), "") | Z38: =IFERROR( AVERAGEIFS(N:N, C:C, ">=" & X38-30, C:C, "<" & X38), 0) -> 0 | AA38: =IFERROR( AVERAGEIFS(N:N, C:C, ">=" & X38, C:C, "<=" & Y38), 0) -> 0 | AB38: =IF(AA38=0,0,(AB38-AA38)/AA38) -> 0
A39: SP038 | B39: Instagram | C39: 45545 | D39: Story | E39: New music just dropped. Hit play! | F39: 1230 | G39: 309 | H39: 207 | I39: 44629 | J39: 40699 | K39: 195 | L39: #NowPlaying | N39: =(F39+G39+H39)/I39 -> 0.039122544 | O39: =RANK(N39,$N:$N,0) -> 280 | P39: =F39+G39+H39 -> 1746 | Q39: =IF(AND(--$C39>=--Campaign_Metadata_clean!$B$2,--$C39<=--Campaign_Metadata_clean!$C$2),"SummerBeats", IF(AND(--$C39>=--Campaign_Metadata_clean!$B$3,--$C39<=--Campaign_Metadata_clean!$C$3),"Wrapped2024", IF(AND(--$C39>=--Campaign_Metadata_clean!$B$4,--$C39<=--Campaign_Metadata_clean!$C$4),"ChillVibes", IF(AND(--$C39>=--Campaign_Metadata_clean!$B$5,--$C39<=--Campaign_Metadata_clean!$C$5),"IndieWave","No Campaign")))) -> No Campaign | R39: =IF(AND(C39>=DATE(2025,1,10), C39<=DATE(2025,2,10)), "During", IF(C39<DATE(2025,1,10), "Before", "Other")) -> Before | S39: =IF(OR(X39="",Y39=""),"", IF(AND(C39>=X39-30,C39<X39),"Before", IF(AND(C39>=X39,C39<=Y39),"During","Other"))) | X39: =IFERROR( _xlfn.XLOOKUP(Q39, Campaign_Metadata_clean!A:A, Campaign_Metadata_clean!B:B), "") | Y39: =IFERROR( _xlfn.XLOOKUP(Q39, Campaign_Metadata_clean!A:A, Campaign_Metadata_clean!C:C), "") | Z39: =IFERROR( AVERAGEIFS(N:N, C:C, ">=" & X39-30, C:C, "<" & X39), 0) -> 0 | AA39: =IFERROR( AVERAGEIFS(N:N, C:C, ">=" & X39, C:C, "<=" & Y39), 0) -> 0 | AB39: =IF(AA39=0,0,(AB39-AA39)/AA39) -> 0
A40: SP039 | B40: Instagram | C40: 45621 | D40: Text | E40: From pop to podcasts, it's all here. | F40: 1341 | G40: 472 | H40: 238 | I40: 51386 | J40: 51706 | K40: 133 | L40: #DiscoverWeekly | N40: =(F40+G40+H40)/I40 -> 0.039913595 | O40: =RANK(N40,$N:$N,0) -> 277 | P40: =F40+G40+H40 -> 2051 | Q40: =IF(AND(--$C40>=--Campaign_Metadata_clean!$B$2,--$C40<=--Campaign_Metadata_clean!$C$2),"SummerBeats", IF(AND(--$C40>=--Campaign_Metadata_clean!$B$3,--$C40<=--Campaign_Metadata_clean!$C$3),"Wrapped2024", IF(AND(--$C40>=--Campaign_Metadata_clean!$B$4,--$C40<=--Campaign_Metadata_clean!$C$4),"ChillVibes", IF(AND(--$C40>=--Campaign_Metadata_clean!$B$5,--$C40<=--Campaign_Metadata_clean!$C$5),"IndieWave","No Campaign")))) -> No Campaign | R40: =IF(AND(C40>=DATE(2025,1,10), C40<=DATE(2025,2,10)), "During", IF(C40<DATE(2025,1,10), "Before", "Other")) -> Before | S40: =IF(OR(X40="",Y40=""),"", IF(AND(C40>=X40-30,C40<X40),"Before", IF(AND(C40>=X40,C40<=Y40),"During","Other"))) | X40: =IFERROR( _xlfn.XLOOKUP(Q40, Campaign_Metadata_clean!A:A, Campaign_Metadata_clean!B:B), "") | Y40: =IFERROR( _xlfn.XLOOKUP(Q40, Campaign_Metadata_clean!A:A, Campaign_Metadata_clean!C:C), "") | Z40: =IFERROR( AVERAGEIFS(N:N, C:C, ">=" & X40-30, C:C, "<" & X40), 0) -> 0 | AA40: =IFERROR( AVERAGEIFS(N:N, C:C, ">=" & X40, C:C, "<=" & Y40), 0) -> 0 | AB40: =IF(AA40=0,0,(AB40-AA40)/AA40) -> 0
A41: SP040 | B41: Twitter | C41: 45818 | D41: Text | E41: Explore the latest podcasts now. | F41: 3615 | G41: 192 | H41: 162 | I41: 27492 | J41: 35341 | K41: 125 | L41: #NowPlaying | N41: =(F41+G41+H41)/I41 -> 0.14436927 | O41: =RANK(N41,$N:$N,0) -> 42 | P41: =F41+G41+H41 -> 3969 | Q41: =IF(AND(--$C41>=--Campaign_Metadata_clean!$B$2,--$C41<=--Campaign_Metadata_clean!$C$2),"SummerBeats", IF(AND(--$C41>=--Campaign_Metadata_clean!$B$3,--$C41<=--Campaign_Metadata_clean!$C$3),"Wrapped2024", IF(AND(--$C41>=--Campaign_Metadata_clean!$B$4,--$C41<=--Campaign_Metadata_clean!$C$4),"ChillVibes", IF(AND(--$C41>=--Campaign_Metadata_clean!$B$5,--$C41<=--Campaign_Metadata_clean!$C$5),"IndieWave","No Campaign")))) -> No Campaign | R41: =IF(AND(C41>=DATE(2025,1,10), C41<=DATE(2025,2,10)), "During", IF(C41<DATE(2025,1,10), "Before", "Other")) -> Other | S41: =IF(OR(X41="",Y41=""),"", IF(AND(C41>=X41-30,C41<X41),"Before", IF(AND(C41>=X41,C41<=Y41),"During","Other"))) | X41: =IFERROR( _xlfn.XLOOKUP(Q41, Campaign_Metadata_clean!A:A, Campaign_Metadata_clean!B:B), "") | Y41: =IFERROR( _xlfn.XLOOKUP(Q41, Campaign_Metadata_clean!A:A, Campaign_Metadata_clean!C:C), "") | Z41: =IFERROR( AVERAGEIFS(N:N, C:C, ">=" & X41-30, C:C, "<" & X41), 0) -> 0 | AA41: =IFERROR( AVERAGEIFS(N:N, C:C, ">=" & X41, C:C, "<=" & Y41), 0) -> 0 | AB41: =IF(AA41=0,0,(AB41-AA41)/AA41) -> 0
A42: SP041 | B42: Instagram | C42: 45401 | D42: Text | E42: New music just dropped. Hit play! | F42: 4001 | G42: 353 | H42: 129 | I42: 41265 | J42: 37279 | K42: 275 | L42: #SoundtrackOfLife | M42: #NowPlaying | N42: =(F42+G42+H42)/I42 -> 0.10863928 | O42: =RANK(N42,$N:$N,0) -> 87 | P42: =F42+G42+H42 -> 4483 | Q42: =IF(AND(--$C42>=--Campaign_Metadata_clean!$B$2,--$C42<=--Campaign_Metadata_clean!$C$2),"SummerBeats", IF(AND(--$C42>=--Campaign_Metadata_clean!$B$3,--$C42<=--Campaign_Metadata_clean!$C$3),"Wrapped2024", IF(AND(--$C42>=--Campaign_Metadata_clean!$B$4,--$C42<=--Campaign_Metadata_clean!$C$4),"ChillVibes", IF(AND(--$C42>=--Campaign_Metadata_clean!$B$5,--$C42<=--Campaign_Metadata_clean!$C$5),"IndieWave","No Campaign")))) -> No Campaign | R42: =IF(AND(C42>=DATE(2025,1,10), C42<=DATE(2025,2,10)), "During", IF(C42<DATE(2025,1,10), "Before", "Other")) -> Before | S42: =IF(OR(X42="",Y42=""),"", IF(AND(C42>=X42-30,C42<X42),"Before", IF(AND(C42>=X42,C42<=Y42),"During","Other"))) | X42: =IFERROR( _xlfn.XLOOKUP(Q42, Campaign_Metadata_clean!A:A, Campaign_Metadata_clean!B:B), "") | Y42: =IFERROR( _xlfn.XLOOKUP(Q42, Campaign_Metadata_clean!A:A, Campaign_Metadata_clean!C:C), "") | Z42: =IFERROR( AVERAGEIFS(N:N, C:C, ">=" & X42-30, C:C, "<" & X42), 0) -> 0 | AA42: =IFERROR( AVERAGEIFS(N:N, C:C, ">=" & X42, C:C, "<=" & Y42), 0) -> 0 | AB42: =IF(AA42=0,0,(AB42-AA42)/AA42) -> 0
A43: SP042 | B43: Instagram | C43: 45683 | D43: Story | E43: What's your vibe today? #SpotifyHits | F43: 3451 | G43: 363 | H43: 393 | I43: 44853 | J43: 69032 | K43: 211 | L43: #NowPlaying | N43: =(F43+G43+H43)/I43 -> 0.093795287 | O43: =RANK(N43,$N:$N,0) -> 128 | P43: =F43+G43+H43 -> 4207 | Q43: =IF(AND(--$C43>=--Campaign_Metadata_clean!$B$2,--$C43<=--Campaign_Metadata_clean!$C$2),"SummerBeats", IF(AND(--$C43>=--Campaign_Metadata_clean!$B$3,--$C43<=--Campaign_Metadata_clean!$C$3),"Wrapped2024", IF(AND(--$C43>=--Campaign_Metadata_clean!$B$4,--$C43<=--Campaign_Metadata_clean!$C$4),"ChillVibes", IF(AND(--$C43>=--Campaign_Metadata_clean!$B$5,--$C43<=--Campaign_Metadata_clean!$C$5),"IndieWave","No Campaign")))) -> ChillVibes | R43: =IF(AND(C43>=DATE(2025,1,10), C43<=DATE(2025,2,10)), "During", IF(C43<DATE(2025,1,10), "Before", "Other")) -> During | S43: =IF(OR(X43="",Y43=""),"", IF(AND(C43>=X43-30,C43<X43),"Before", IF(AND(C43>=X43,C43<=Y43),"During","Other"))) -> During | X43: =IFERROR( _xlfn.XLOOKUP(Q43, Campaign_Metadata_clean!A:A, Campaign_Metadata_clean!B:B), "") -> 45667 | Y43: =IFERROR( _xlfn.XLOOKUP(Q43, Campaign_Metadata_clean!A:A, Campaign_Metadata_clean!C:C), "") -> 45698 | Z43: =IFERROR( AVERAGEIFS(N:N, C:C, ">=" & X43-30, C:C, "<" & X43), 0) -> 0.10086312 | AA43: =IFERROR( AVERAGEIFS(N:N, C:C, ">=" & X43, C:C, "<=" & Y43), 0) -> 0.1054116 | AB43: =IF(AA43=0,0,(AB43-AA43)/AA43) -> 0
A44: SP043 | B44: Instagram | C44: 45702 | D44: Text | E44: Top trending tracks updated daily! | F44: 4891 | G44: 450 | H44: 387 | I44: 48746 | J44: 37312 | K44: 154 | L44: #SoundtrackOfLife | M44: #NowPlaying | N44: =(F44+G44+H44)/I44 -> 0.11750708 | O44: =RANK(N44,$N:$N,0) -> 66 | P44: =F44+G44+H44 -> 5728 | Q44: =IF(AND(--$C44>=--Campaign_Metadata_clean!$B$2,--$C44<=--Campaign_Metadata_clean!$C$2),"SummerBeats", IF(AND(--$C44>=--Campaign_Metadata_clean!$B$3,--$C44<=--Campaign_Metadata_clean!$C$3),"Wrapped2024", IF(AND(--$C44>=--Campaign_Metadata_clean!$B$4,--$C44<=--Campaign_Metadata_clean!$C$4),"ChillVibes", IF(AND(--$C44>=--Campaign_Metadata_clean!$B$5,--$C44<=--Campaign_Metadata_clean!$C$5),"IndieWave","No Campaign")))) -> No Campaign | R44: =IF(AND(C44>=DATE(2025,1,10), C44<=DATE(2025,2,10)), "During", IF(C44<DATE(2025,1,10), "Before", "Other")) -> Other | S44: =IF(OR(X44="",Y44=""),"", IF(AND(C44>=X44-30,C44<X44),"Before", IF(AND(C44>=X44,C44<=Y44),"During","Other"))) | X44: =IFERROR( _xlfn.XLOOKUP(Q44, Campaign_Metadata_clean!A:A, Campaign_Metadata_clean!B:B), "") | Y44: =IFERROR( _xlfn.XLOOKUP(Q44, Campaign_Metadata_clean!A:A, Campaign_Metadata_clean!C:C), "") | Z44: =IFERROR( AVERAGEIFS(N:N, C:C, ">=" & X44-30, C:C, "<" & X44), 0) -> 0 | AA44: =IFERROR( AVERAGEIFS(N:N, C:C, ">=" & X44, C:C, "<=" & Y44), 0) -> 0 | AB44: =IF(AA44=0,0,(AB44-AA44)/AA44) -> 0
A45: SP044 | B45: Instagram | C45: 45541 | D45: Text | E45: New music just dropped. Hit play! | F45: 1452 | G45: 281 | H45: 326 | I45: 51556 | J45: 62599 | K45: 290 | L45: #DiscoverWeekly | N45: =(F45+G45+H45)/I45 -> 0.039937156 | O45: =RANK(N45,$N:$N,0) -> 276 | P45: =F45+G45+H45 -> 2059 | Q45: =IF(AND(--$C45>=--Campaign_Metadata_clean!$B$2,--$C45<=--Campaign_Metadata_clean!$C$2),"SummerBeats", IF(AND(--$C45>=--Campaign_Metadata_clean!$B$3,--$C45<=--Campaign_Metadata_clean!$C$3),"Wrapped2024", IF(AND(--$C45>=--Campaign_Metadata_clean!$B$4,--$C45<=--Campaign_Metadata_clean!$C$4),"ChillVibes", IF(AND(--$C45>=--Campaign_Metadata_clean!$B$5,--$C45<=--Campaign_Metadata_clean!$C$5),"IndieWave","No Campaign")))) -> No Campaign | R45: =IF(AND(C45>=DATE(2025,1,10), C45<=DATE(2025,2,10)), "During", IF(C45<DATE(2025,1,10), "Before", "Other")) -> Before | S45: =IF(OR(X45="",Y45=""),"", IF(AND(C45>=X45-30,C45<X45),"Before", IF(AND(C45>=X45,C45<=Y45),"During","Other"))) | X45: =IFERROR( _xlfn.XLOOKUP(Q45, Campaign_Metadata_clean!A:A, Campaign_Metadata_clean!B:B), "") | Y45: =IFERROR( _xlfn.XLOOKUP(Q45, Campaign_Metadata_clean!A:A, Campaign_Metadata_clean!C:C), "") | Z45: =IFERROR( AVERAGEIFS(N:N, C:C, ">=" & X45-30, C:C, "<" & X45), 0) -> 0 | AA45: =IFERROR( AVERAGEIFS(N:N, C:C, ">=" & X45, C:C, "<=" & Y45), 0) -> 0 | AB45: =IF(AA45=0,0,(AB45-AA45)/AA45) -> 0
A46: SP045 | B46: YouTube | C46: 45487 | D46: Text | E46: Your weekend playlist is waiting. | F46: 3806 | G46: 114 | H46: 278 | I46: 36148 | J46: 24209 | K46: 201 | L46: #DiscoverWeekly | M46: #SpotifyWrapped | N46: =(F46+G46+H46)/I46 -> 0.11613367 | O46: =RANK(N46,$N:$N,0) -> 70 | P46: =F46+G46+H46 -> 4198 | Q46: =IF(AND(--$C46>=--Campaign_Metadata_clean!$B$2,--$C46<=--Campaign_Metadata_clean!$C$2),"SummerBeats", IF(AND(--$C46>=--Campaign_Metadata_clean!$B$3,--$C46<=--Campaign_Metadata_clean!$C$3),"Wrapped2024", IF(AND(--$C46>=--Campaign_Metadata_clean!$B$4,--$C46<=--Campaign_Metadata_clean!$C$4),"ChillVibes", IF(AND(--$C46>=--Campaign_Metadata_clean!$B$5,--$C46<=--Campaign_Metadata_clean!$C$5),"IndieWave","No Campaign")))) -> SummerBeats | R46: =IF(AND(C46>=DATE(2025,1,10), C46<=DATE(2025,2,10)), "During", IF(C46<DATE(2025,1,10), "Before", "Other")) -> Before | S46: =IF(OR(X46="",Y46=""),"", IF(AND(C46>=X46-30,C46<X46),"Before", IF(AND(C46>=X46,C46<=Y46),"During","Other"))) -> During | X46: =IFERROR( _xlfn.XLOOKUP(Q46, Campaign_Metadata_clean!A:A, Campaign_Metadata_clean!B:B), "") -> 45458 | Y46: =IFERROR( _xlfn.XLOOKUP(Q46, Campaign_Metadata_clean!A:A, Campaign_Metadata_clean!C:C), "") -> 45488 | Z46: =IFERROR( AVERAGEIFS(N:N, C:C, ">=" & X46-30, C:C, "<" & X46), 0) -> 0.077477552 | AA46: =IFERROR( AVERAGEIFS(N:N, C:C, ">=" & X46, C:C, "<=" & Y46), 0) -> 0.096749506 | AB46: =IF(AA46=0,0,(AB46-AA46)/AA46) -> 0
A47: SP046 | B47: Instagram | C47: 45334 | D47: Text | E47: Explore the latest podcasts now. | F47: 2923 | G47: 330 | H47: 250 | I47: 23993 | J47: 74590 | K47: 92 | L47: #DiscoverWeekly | N47: =(F47+G47+H47)/I47 -> 0.14600092 | O47: =RANK(N47,$N:$N,0) -> 40 | P47: =F47+G47+H47 -> 3503 | Q47: =IF(AND(--$C47>=--Campaign_Metadata_clean!$B$2,--$C47<=--Campaign_Metadata_clean!$C$2),"SummerBeats", IF(AND(--$C47>=--Campaign_Metadata_clean!$B$3,--$C47<=--Campaign_Metadata_clean!$C$3),"Wrapped2024", IF(AND(--$C47>=--Campaign_Metadata_clean!$B$4,--$C47<=--Campaign_Metadata_clean!$C$4),"ChillVibes", IF(AND(--$C47>=--Campaign_Metadata_clean!$B$5,--$C47<=--Campaign_Metadata_clean!$C$5),"IndieWave","No Campaign")))) -> No Campaign | R47: =IF(AND(C47>=DATE(2025,1,10), C47<=DATE(2025,2,10)), "During", IF(C47<DATE(2025,1,10), "Before", "Other")) -> Before | S47: =IF(OR(X47="",Y47=""),"", IF(AND(C47>=X47-30,C47<X47),"Before", IF(AND(C47>=X47,C47<=Y47),"During","Other"))) | X47: =IFERROR( _xlfn.XLOOKUP(Q47, Campaign_Metadata_clean!A:A, Campaign_Metadata_clean!B:B), "") | Y47: =IFERROR( _xlfn.XLOOKUP(Q47, Campaign_Metadata_clean!A:A, Campaign_Metadata_clean!C:C), "") | Z47: =IFERROR( AVERAGEIFS(N:N, C:C, ">=" & X47-30, C:C, "<" & X47), 0) -> 0 | AA47: =IFERROR( AVERAGEIFS(N:N, C:C, ">=" & X47, C:C, "<=" & Y47), 0) -> 0 | AB47: =IF(AA47=0,0,(AB47-AA47)/AA47) -> 0
A48: SP047 | B48: YouTube | C48: 45365 | D48: Reel | E48: From pop to podcasts, it's all here. | F48: 3361 | G48: 188 | H48: 358 | I48: 39838 | J48: 24536 | K48: 120 | L48: #DiscoverWeekly | M48: #SoundtrackOfLife | N48: =(F48+G48+H48)/I48 -> 0.098072192 | O48: =RANK(N48,$N:$N,0) -> 113 | P48: =F48+G48+H48 -> 3907 | Q48: =IF(AND(--$C48>=--Campaign_Metadata_clean!$B$2,--$C48<=--Campaign_Metadata_clean!$C$2),"SummerBeats", IF(AND(--$C48>=--Campaign_Metadata_clean!$B$3,--$C48<=--Campaign_Metadata_clean!$C$3),"Wrapped2024", IF(AND(--$C48>=--Campaign_Metadata_clean!$B$4,--$C48<=--Campaign_Metadata_clean!$C$4),"ChillVibes", IF(AND(--$C48>=--Campaign_Metadata_clean!$B$5,--$C48<=--Campaign_Metadata_clean!$C$5),"IndieWave","No Campaign")))) -> No Campaign | R48: =IF(AND(C48>=DATE(2025,1,10), C48<=DATE(2025,2,10)), "During", IF(C48<DATE(2025,1,10), "Before", "Other")) -> Before | S48: =IF(OR(X48="",Y48=""),"", IF(AND(C48>=X48-30,C48<X48),"Before", IF(AND(C48>=X48,C48<=Y48),"During","Other"))) | X48: =IFERROR( _xlfn.XLOOKUP(Q48, Campaign_Metadata_clean!A:A, Campaign_Metadata_clean!B:B), "") | Y48: =IFERROR( _xlfn.XLOOKUP(Q48, Campaign_Metadata_clean!A:A, Campaign_Metadata_clean!C:C), "") | Z48: =IFERROR( AVERAGEIFS(N:N, C:C, ">=" & X48-30, C:C, "<" & X48), 0) -> 0 | AA48: =IFERROR( AVERAGEIFS(N:N, C:C, ">=" & X48, C:C, "<=" & Y48), 0) -> 0 | AB48: =IF(AA48=0,0,(AB48-AA48)/AA48) -> 0
A49: SP048 | B49: Instagram | C49: 45693 | D49: Story | E49: Music that moves you-only on Spotify. | F49: 3074 | G49: 371 | H49: 348 | I49: 24104 | J49: 57803 | K49: 213 | L49: #NowPlaying | N49: =(F49+G49+H49)/I49 -> 0.15735977 | O49: =RANK(N49,$N:$N,0) -> 30 | P49: =F49+G49+H49 -> 3793 | Q49: =IF(AND(--$C49>=--Campaign_Metadata_clean!$B$2,--$C49<=--Campaign_Metadata_clean!$C$2),"SummerBeats", IF(AND(--$C49>=--Campaign_Metadata_clean!$B$3,--$C49<=--Campaign_Metadata_clean!$C$3),"Wrapped2024", IF(AND(--$C49>=--Campaign_Metadata_clean!$B$4,--$C49<=--Campaign_Metadata_clean!$C$4),"ChillVibes", IF(AND(--$C49>=--Campaign_Metadata_clean!$B$5,--$C49<=--Campaign_Metadata_clean!$C$5),"IndieWave","No Campaign")))) -> ChillVibes | R49: =IF(AND(C49>=DATE(2025,1,10), C49<=DATE(2025,2,10)), "During", IF(C49<DATE(2025,1,10), "Before", "Other")) -> During | S49: =IF(OR(X49="",Y49=""),"", IF(AND(C49>=X49-30,C49<X49),"Before", IF(AND(C49>=X49,C49<=Y49),"During","Other"))) -> During | X49: =IFERROR( _xlfn.XLOOKUP(Q49, Campaign_Metadata_clean!A:A, Campaign_Metadata_clean!B:B), "") -> 45667 | Y49: =IFERROR( _xlfn.XLOOKUP(Q49, Campaign_Metadata_clean!A:A, Campaign_Metadata_clean!C:C), "") -> 45698 | Z49: =IFERROR( AVERAGEIFS(N:N, C:C, ">=" & X49-30, C:C, "<" & X49), 0) -> 0.10086312 | AA49: =IFERROR( AVERAGEIFS(N:N, C:C, ">=" & X49, C:C, "<=" & Y49), 0) -> 0.1054116 | AB49: =IF(AA49=0,0,(AB49-AA49)/AA49) -> 0
A50: SP049 | B50: Twitter | C50: 45533 | D50: Story | E50: Get into the groove with our new drop! | F50: 4276 | G50: 227 | H50: 223 | I50: 43443 | J50: 41005 | K50: 191 | L50: #DiscoverWeekly | M50: #MusicForEveryone | N50: =(F50+G50+H50)/I50 -> 0.10878623 | O50: =RANK(N50,$N:$N,0) -> 86 | P50: =F50+G50+H50 -> 4726 | Q50: =IF(AND(--$C50>=--Campaign_Metadata_clean!$B$2,--$C50<=--Campaign_Metadata_clean!$C$2),"SummerBeats", IF(AND(--$C50>=--Campaign_Metadata_clean!$B$3,--$C50<=--Campaign_Metadata_clean!$C$3),"Wrapped2024", IF(AND(--$C50>=--Campaign_Metadata_clean!$B$4,--$C50<=--Campaign_Metadata_clean!$C$4),"ChillVibes", IF(AND(--$C50>=--Campaign_Metadata_clean!$B$5,--$C50<=--Campaign_Metadata_clean!$C$5),"IndieWave","No Campaign")))) -> No Campaign | R50: =IF(AND(C50>=DATE(2025,1,10), C50<=DATE(2025,2,10)), "During", IF(C50<DATE(2025,1,10), "Before", "Other")) -> Before | S50: =IF(OR(X50="",Y50=""),"", IF(AND(C50>=X50-30,C50<X50),"Before", IF(AND(C50>=X50,C50<=Y50),"During","Other"))) | X50: =IFERROR( _xlfn.XLOOKUP(Q50, Campaign_Metadata_clean!A:A, Campaign_Metadata_clean!B:B), "") | Y50: =IFERROR( _xlfn.XLOOKUP(Q50, Campaign_Metadata_clean!A:A, Campaign_Metadata_clean!C:C), "") | Z50: =IFERROR( AVERAGEIFS(N:N, C:C, ">=" & X50-30, C:C, "<" & X50), 0) -> 0 | AA50: =IFERROR( AVERAGEIFS(N:N, C:C, ">=" & X50, C:C, "<=" & Y50), 0) -> 0 | AB50: =IF(AA50=0,0,(AB50-AA50)/AA50) -> 0
A51: SP050 | B51: Twitter | C51: 45769 | D51: Text | E51: Discover fresh beats on Spotify! | F51: 4401 | G51: 421 | H51: 216 | I51: 24890 | J51: 54361 | K51: 148 | L51: #NowPlaying | N51: =(F51+G51+H51)/I51 -> 0.20241061 | O51: =RANK(N51,$N:$N,0) -> 5 | P51: =F51+G51+H51 -> 5038 | Q51: =IF(AND(--$C51>=--Campaign_Metadata_clean!$B$2,--$C51<=--Campaign_Metadata_clean!$C$2),"SummerBeats", IF(AND(--$C51>=--Campaign_Metadata_clean!$B$3,--$C51<=--Campaign_Metadata_clean!$C$3),"Wrapped2024", IF(AND(--$C51>=--Campaign_Metadata_clean!$B$4,--$C51<=--Campaign_Metadata_clean!$C$4),"ChillVibes", IF(AND(--$C51>=--Campaign_Metadata_clean!$B$5,--$C51<=--Campaign_Metadata_clean!$C$5),"IndieWave","No Campaign")))) -> No Campaign | R51: =IF(AND(C51>=DATE(2025,1,10), C51<=DATE(2025,2,10)), "During", IF(C51<DATE(2025,1,10), "Before", "Other")) -> Other | S51: =IF(OR(X51="",Y51=""),"", IF(AND(C51>=X51-30,C51<X51),"Before", IF(AND(C51>=X51,C51<=Y51),"During","Other"))) | X51: =IFERROR( _xlfn.XLOOKUP(Q51, Campaign_Metadata_clean!A:A, Campaign_Metadata_clean!B:B), "") | Y51: =IFERROR( _xlfn.XLOOKUP(Q51, Campaign_Metadata_clean!A:A, Campaign_Metadata_clean!C:C), "") | Z51: =IFERROR( AVERAGEIFS(N:N, C:C, ">=" & X51-30, C:C, "<" & X51), 0) -> 0 | AA51: =IFERROR( AVERAGEIFS(N:N, C:C, ">=" & X51, C:C, "<=" & Y51), 0) -> 0 | AB51: =IF(AA51=0,0,(AB51-AA51)/AA51) -> 0
A52: SP051 | B52: YouTube | C52: 45425 | D52: Reel | E52: Explore the latest podcasts now. | F52: 4161 | G52: 481 | H52: 61 | I52: 45884 | J52: 48955 | K52: 215 | L52: #DiscoverWeekly | M52: #SoundtrackOfLife | N52: =(F52+G52+H52)/I52 -> 0.1024976 | O52: =RANK(N52,$N:$N,0) -> 104 | P52: =F52+G52+H52 -> 4703 | Q52: =IF(AND(--$C52>=--Campaign_Metadata_clean!$B$2,--$C52<=--Campaign_Metadata_clean!$C$2),"SummerBeats", IF(AND(--$C52>=--Campaign_Metadata_clean!$B$3,--$C52<=--Campaign_Metadata_clean!$C$3),"Wrapped2024", IF(AND(--$C52>=--Campaign_Metadata_clean!$B$4,--$C52<=--Campaign_Metadata_clean!$C$4),"ChillVibes", IF(AND(--$C52>=--Campaign_Metadata_clean!$B$5,--$C52<=--Campaign_Metadata_clean!$C$5),"IndieWave","No Campaign")))) -> No Campaign | R52: =IF(AND(C52>=DATE(2025,1,10), C52<=DATE(2025,2,10)), "During", IF(C52<DATE(2025,1,10), "Before", "Other")) -> Before | S52: =IF(OR(X52="",Y52=""),"", IF(AND(C52>=X52-30,C52<X52),"Before", IF(AND(C52>=X52,C52<=Y52),"During","Other"))) | X52: =IFERROR( _xlfn.XLOOKUP(Q52, Campaign_Metadata_clean!A:A, Campaign_Metadata_clean!B:B), "") | Y52: =IFERROR( _xlfn.XLOOKUP(Q52, Campaign_Metadata_clean!A:A, Campaign_Metadata_clean!C:C), "") | Z52: =IFERROR( AVERAGEIFS(N:N, C:C, ">=" & X52-30, C:C, "<" & X52), 0) -> 0 | AA52: =IFERROR( AVERAGEIFS(N:N, C:C, ">=" & X52, C:C, "<=" & Y52), 0) -> 0 | AB52: =IF(AA52=0,0,(AB52-AA52)/AA52) -> 0
A53: SP052 | B53: Twitter | C53: 45539 | D53: Story | E53: New music just dropped. Hit play! | F53: 2613 | G53: 455 | H53: 228 | I53: 21645 | J53: 61334 | K53: 261 | L53: #DiscoverWeekly | M53: #MusicForEveryone | N53: =(F53+G53+H53)/I53 -> 0.15227535 | O53: =RANK(N53,$N:$N,0) -> 36 | P53: =F53+G53+H53 -> 3296 | Q53: =IF(AND(--$C53>=--Campaign_Metadata_clean!$B$2,--$C53<=--Campaign_Metadata_clean!$C$2),"SummerBeats", IF(AND(--$C53>=--Campaign_Metadata_clean!$B$3,--$C53<=--Campaign_Metadata_clean!$C$3),"Wrapped2024", IF(AND(--$C53>=--Campaign_Metadata_clean!$B$4,--$C53<=--Campaign_Metadata_clean!$C$4),"ChillVibes", IF(AND(--$C53>=--Campaign_Metadata_clean!$B$5,--$C53<=--Campaign_Metadata_clean!$C$5),"IndieWave","No Campaign")))) -> No Campaign | R53: =IF(AND(C53>=DATE(2025,1,10), C53<=DATE(2025,2,10)), "During", IF(C53<DATE(2025,1,10), "Before", "Other")) -> Before | S53: =IF(OR(X53="",Y53=""),"", IF(AND(C53>=X53-30,C53<X53),"Before", IF(AND(C53>=X53,C53<=Y53),"During","Other"))) | X53: =IFERROR( _xlfn.XLOOKUP(Q53, Campaign_Metadata_clean!A:A, Campaign_Metadata_clean!B:B), "") | Y53: =IFERROR( _xlfn.XLOOKUP(Q53, Campaign_Metadata_clean!A:A, Campaign_Metadata_clean!C:C), "") | Z53: =IFERROR( AVERAGEIFS(N:N, C:C, ">=" & X53-30, C:C, "<" & X53), 0) -> 0 | AA53: =IFERROR( AVERAGEIFS(N:N, C:C, ">=" & X53, C:C, "<=" & Y53), 0) -> 0 | AB53: =IF(AA53=0,0,(AB53-AA53)/AA53) -> 0
A54: SP053 | B54: Twitter | C54: 45516 | D54: Story | E54: What's your vibe today? #SpotifyHits | F54: 2842 | G54: 213 | H54: 331 | I54: 57660 | J54: 68606 | K54: 87 | L54: #MusicForEveryone | M54: #NowPlaying | N54: =(F54+G54+H54)/I54 -> 0.058723552 | O54: =RANK(N54,$N:$N,0) -> 228 | P54: =F54+G54+H54 -> 3386 | Q54: =IF(AND(--$C54>=--Campaign_Metadata_clean!$B$2,--$C54<=--Campaign_Metadata_clean!$C$2),"SummerBeats", IF(AND(--$C54>=--Campaign_Metadata_clean!$B$3,--$C54<=--Campaign_Metadata_clean!$C$3),"Wrapped2024", IF(AND(--$C54>=--Campaign_Metadata_clean!$B$4,--$C54<=--Campaign_Metadata_clean!$C$4),"ChillVibes", IF(AND(--$C54>=--Campaign_Metadata_clean!$B$5,--$C54<=--Campaign_Metadata_clean!$C$5),"IndieWave","No Campaign")))) -> No Campaign | R54: =IF(AND(C54>=DATE(2025,1,10), C54<=DATE(2025,2,10)), "During", IF(C54<DATE(2025,1,10), "Before", "Other")) -> Before | S54: =IF(OR(X54="",Y54=""),"", IF(AND(C54>=X54-30,C54<X54),"Before", IF(AND(C54>=X54,C54<=Y54),"During","Other"))) | X54: =IFERROR( _xlfn.XLOOKUP(Q54, Campaign_Metadata_clean!A:A, Campaign_Metadata_clean!B:B), "") | Y54: =IFERROR( _xlfn.XLOOKUP(Q54, Campaign_Metadata_clean!A:A, Campaign_Metadata_clean!C:C), "") | Z54: =IFERROR( AVERAGEIFS(N:N, C:C, ">=" & X54-30, C:C, "<" & X54), 0) -> 0 | AA54: =IFERROR( AVERAGEIFS(N:N, C:C, ">=" & X54, C:C, "<=" & Y54), 0) -> 0 | AB54: =IF(AA54=0,0,(AB54-AA54)/AA54) -> 0
A55: SP054 | B55: Instagram | C55: 45722 | D55: Text | E55: Get into the groove with our new drop! | F55: 4851 | G55: 460 | H55: 212 | I55: 58075 | J55: 59574 | K55: 239 | L55: #DiscoverWeekly | N55: =(F55+G55+H55)/I55 -> 0.095101162 | O55: =RANK(N55,$N:$N,0) -> 119 | P55: =F55+G55+H55 -> 5523 | Q55: =IF(AND(--$C55>=--Campaign_Metadata_clean!$B$2,--$C55<=--Campaign_Metadata_clean!$C$2),"SummerBeats", IF(AND(--$C55>=--Campaign_Metadata_clean!$B$3,--$C55<=--Campaign_Metadata_clean!$C$3),"Wrapped2024", IF(AND(--$C55>=--Campaign_Metadata_clean!$B$4,--$C55<=--Campaign_Metadata_clean!$C$4),"ChillVibes", IF(AND(--$C55>=--Campaign_Metadata_clean!$B$5,--$C55<=--Campaign_Metadata_clean!$C$5),"IndieWave","No Campaign")))) -> IndieWave | R55: =IF(AND(C55>=DATE(2025,1,10), C55<=DATE(2025,2,10)), "During", IF(C55<DATE(2025,1,10), "Before", "Other")) -> Other | S55: =IF(OR(X55="",Y55=""),"", IF(AND(C55>=X55-30,C55<X55),"Before", IF(AND(C55>=X55,C55<=Y55),"During","Other"))) -> During | X55: =IFERROR( _xlfn.XLOOKUP(Q55, Campaign_Metadata_clean!A:A, Campaign_Metadata_clean!B:B), "") -> 45717 | Y55: =IFERROR( _xlfn.XLOOKUP(Q55, Campaign_Metadata_clean!A:A, Campaign_Metadata_clean!C:C), "") -> 45747 | Z55: =IFERROR( AVERAGEIFS(N:N, C:C, ">=" & X55-30, C:C, "<" & X55), 0) -> 0.11058335 | AA55: =IFERROR( AVERAGEIFS(N:N, C:C, ">=" & X55, C:C, "<=" & Y55), 0) -> 0.10264546 | AB55: =IF(AA55=0,0,(AB55-AA55)/AA55) -> 0
A56: SP055 | B56: Twitter | C56: 45420 | D56: Text | E56: Explore the latest podcasts now. | F56: 1828 | G56: 450 | H56: 214 | I56: 52115 | J56: 19166 | K56: 190 | L56: #NowPlaying | N56: =(F56+G56+H56)/I56 -> 0.047817327 | O56: =RANK(N56,$N:$N,0) -> 259 | P56: =F56+G56+H56 -> 2492 | Q56: =IF(AND(--$C56>=--Campaign_Metadata_clean!$B$2,--$C56<=--Campaign_Metadata_clean!$C$2),"SummerBeats", IF(AND(--$C56>=--Campaign_Metadata_clean!$B$3,--$C56<=--Campaign_Metadata_clean!$C$3),"Wrapped2024", IF(AND(--$C56>=--Campaign_Metadata_clean!$B$4,--$C56<=--Campaign_Metadata_clean!$C$4),"ChillVibes", IF(AND(--$C56>=--Campaign_Metadata_clean!$B$5,--$C56<=--Campaign_Metadata_clean!$C$5),"IndieWave","No Campaign")))) -> No Campaign | R56: =IF(AND(C56>=DATE(2025,1,10), C56<=DATE(2025,2,10)), "During", IF(C56<DATE(2025,1,10), "Before", "Other")) -> Before | S56: =IF(OR(X56="",Y56=""),"", IF(AND(C56>=X56-30,C56<X56),"Before", IF(AND(C56>=X56,C56<=Y56),"During","Other"))) | X56: =IFERROR( _xlfn.XLOOKUP(Q56, Campaign_Metadata_clean!A:A, Campaign_Metadata_clean!B:B), "") | Y56: =IFERROR( _xlfn.XLOOKUP(Q56, Campaign_Metadata_clean!A:A, Campaign_Metadata_clean!C:C), "") | Z56: =IFERROR( AVERAGEIFS(N:N, C:C, ">=" & X56-30, C:C, "<" & X56), 0) -> 0 | AA56: =IFERROR( AVERAGEIFS(N:N, C:C, ">=" & X56, C:C, "<=" & Y56), 0) -> 0 | AB56: =IF(AA56=0,0,(AB56-AA56)/AA56) -> 0
A57: SP056 | B57: Instagram | C57: 45707 | D57: Story | E57: From pop to podcasts, it's all here. | F57: 2422 | G57: 455 | H57: 376 | I57: 23428 | J57: 46775 | K57: 259 | L57: #NowPlaying | N57: =(F57+G57+H57)/I57 -> 0.13885095 | O57: =RANK(N57,$N:$N,0) -> 48 | P57: =F57+G57+H57 -> 3253 | Q57: =IF(AND(--$C57>=--Campaign_Metadata_clean!$B$2,--$C57<=--Campaign_Metadata_clean!$C$2),"SummerBeats", IF(AND(--$C57>=--Campaign_Metadata_clean!$B$3,--$C57<=--Campaign_Metadata_clean!$C$3),"Wrapped2024", IF(AND(--$C57>=--Campaign_Metadata_clean!$B$4,--$C57<=--Campaign_Metadata_clean!$C$4),"ChillVibes", IF(AND(--$C57>=--Campaign_Metadata_clean!$B$5,--$C57<=--Campaign_Metadata_clean!$C$5),"IndieWave","No Campaign")))) -> No Campaign | R57: =IF(AND(C57>=DATE(2025,1,10), C57<=DATE(2025,2,10)), "During", IF(C57<DATE(2025,1,10), "Before", "Other")) -> Other | S57: =IF(OR(X57="",Y57=""),"", IF(AND(C57>=X57-30,C57<X57),"Before", IF(AND(C57>=X57,C57<=Y57),"During","Other"))) | X57: =IFERROR( _xlfn.XLOOKUP(Q57, Campaign_Metadata_clean!A:A, Campaign_Metadata_clean!B:B), "") | Y57: =IFERROR( _xlfn.XLOOKUP(Q57, Campaign_Metadata_clean!A:A, Campaign_Metadata_clean!C:C), "") | Z57: =IFERROR( AVERAGEIFS(N:N, C:C, ">=" & X57-30, C:C, "<" & X57), 0) -> 0 | AA57: =IFERROR( AVERAGEIFS(N:N, C:C, ">=" & X57, C:C, "<=" & Y57), 0) -> 0 | AB57: =IF(AA57=0,0,(AB57-AA57)/AA57) -> 0
A58: SP057 | B58: Instagram | C58: 45299 | D58: Text | E58: Top trending tracks updated daily! | F58: 2683 | G58: 405 | H58: 223 | I58: 31233 | J58: 58106 | K58: 291 | L58: #DiscoverWeekly | N58: =(F58+G58+H58)/I58 -> 0.10600967 | O58: =RANK(N58,$N:$N,0) -> 95 | P58: =F58+G58+H58 -> 3311 | Q58: =IF(AND(--$C58>=--Campaign_Metadata_clean!$B$2,--$C58<=--Campaign_Metadata_clean!$C$2),"SummerBeats", IF(AND(--$C58>=--Campaign_Metadata_clean!$B$3,--$C58<=--Campaign_Metadata_clean!$C$3),"Wrapped2024", IF(AND(--$C58>=--Campaign_Metadata_clean!$B$4,--$C58<=--Campaign_Metadata_clean!$C$4),"ChillVibes", IF(AND(--$C58>=--Campaign_Metadata_clean!$B$5,--$C58<=--Campaign_Metadata_clean!$C$5),"IndieWave","No Campaign")))) -> No Campaign | R58: =IF(AND(C58>=DATE(2025,1,10), C58<=DATE(2025,2,10)), "During", IF(C58<DATE(2025,1,10), "Before", "Other")) -> Before | S58: =IF(OR(X58="",Y58=""),"", IF(AND(C58>=X58-30,C58<X58),"Before", IF(AND(C58>=X58,C58<=Y58),"During","Other"))) | X58: =IFERROR( _xlfn.XLOOKUP(Q58, Campaign_Metadata_clean!A:A, Campaign_Metadata_clean!B:B), "") | Y58: =IFERROR( _xlfn.XLOOKUP(Q58, Campaign_Metadata_clean!A:A, Campaign_Metadata_clean!C:C), "") | Z58: =IFERROR( AVERAGEIFS(N:N, C:C, ">=" & X58-30, C:C, "<" & X58), 0) -> 0 | AA58: =IFERROR( AVERAGEIFS(N:N, C:C, ">=" & X58, C:C, "<=" & Y58), 0) -> 0 | AB58: =IF(AA58=0,0,(AB58-AA58)/AA58) -> 0
A59: SP058 | B59: YouTube | C59: 45490 | D59: Text | E59: Top trending tracks updated daily! | F59: 3135 | G59: 110 | H59: 215 | I59: 39192 | J59: 24744 | K59: 177 | L59: #DiscoverWeekly | M59: #SpotifyWrapped | N59: =(F59+G59+H59)/I59 -> 0.088283323 | O59: =RANK(N59,$N:$N,0) -> 141 | P59: =F59+G59+H59 -> 3460 | Q59: =IF(AND(--$C59>=--Campaign_Metadata_clean!$B$2,--$C59<=--Campaign_Metadata_clean!$C$2),"SummerBeats", IF(AND(--$C59>=--Campaign_Metadata_clean!$B$3,--$C59<=--Campaign_Metadata_clean!$C$3),"Wrapped2024", IF(AND(--$C59>=--Campaign_Metadata_clean!$B$4,--$C59<=--Campaign_Metadata_clean!$C$4),"ChillVibes", IF(AND(--$C59>=--Campaign_Metadata_clean!$B$5,--$C59<=--Campaign_Metadata_clean!$C$5),"IndieWave","No Campaign")))) -> No Campaign | R59: =IF(AND(C59>=DATE(2025,1,10), C59<=DATE(2025,2,10)), "During", IF(C59<DATE(2025,1,10), "Before", "Other")) -> Before | S59: =IF(OR(X59="",Y59=""),"", IF(AND(C59>=X59-30,C59<X59),"Before", IF(AND(C59>=X59,C59<=Y59),"During","Other"))) | X59: =IFERROR( _xlfn.XLOOKUP(Q59, Campaign_Metadata_clean!A:A, Campaign_Metadata_clean!B:B), "") | Y59: =IFERROR( _xlfn.XLOOKUP(Q59, Campaign_Metadata_clean!A:A, Campaign_Metadata_clean!C:C), "") | Z59: =IFERROR( AVERAGEIFS(N:N, C:C, ">=" & X59-30, C:C, "<" & X59), 0) -> 0 | AA59: =IFERROR( AVERAGEIFS(N:N, C:C, ">=" & X59, C:C, "<=" & Y59), 0) -> 0 | AB59: =IF(AA59=0,0,(AB59-AA59)/AA59) -> 0
A60: SP059 | B60: YouTube | C60: 45514 | D60: Text | E60: From pop to podcasts, it's all here. | F60: 1105 | G60: 181 | H60: 55 | I60: 53581 | J60: 74048 | K60: 220 | L60: #DiscoverWeekly | M60: #SpotifyWrapped | N60: =(F60+G60+H60)/I60 -> 0.025027528 | O60: =RANK(N60,$N:$N,0) -> 300 | P60: =F60+G60+H60 -> 1341 | Q60: =IF(AND(--$C60>=--Campaign_Metadata_clean!$B$2,--$C60<=--Campaign_Metadata_clean!$C$2),"SummerBeats", IF(AND(--$C60>=--Campaign_Metadata_clean!$B$3,--$C60<=--Campaign_Metadata_clean!$C$3),"Wrapped2024", IF(AND(--$C60>=--Campaign_Metadata_clean!$B$4,--$C60<=--Campaign_Metadata_clean!$C$4),"ChillVibes", IF(AND(--$C60>=--Campaign_Metadata_clean!$B$5,--$C60<=--Campaign_Metadata_clean!$C$5),"IndieWave","No Campaign")))) -> No Campaign | R60: =IF(AND(C60>=DATE(2025,1,10), C60<=DATE(2025,2,10)), "During", IF(C60<DATE(2025,1,10), "Before", "Other")) -> Before | S60: =IF(OR(X60="",Y60=""),"", IF(AND(C60>=X60-30,C60<X60),"Before", IF(AND(C60>=X60,C60<=Y60),"During","Other"))) | X60: =IFERROR( _xlfn.XLOOKUP(Q60, Campaign_Metadata_clean!A:A, Campaign_Metadata_clean!B:B), "") | Y60: =IFERROR( _xlfn.XLOOKUP(Q60, Campaign_Metadata_clean!A:A, Campaign_Metadata_clean!C:C), "") | Z60: =IFERROR( AVERAGEIFS(N:N, C:C, ">=" & X60-30, C:C, "<" & X60), 0) -> 0 | AA60: =IFERROR( AVERAGEIFS(N:N, C:C, ">=" & X60, C:C, "<=" & Y60), 0) -> 0 | AB60: =IF(AA60=0,0,(AB60-AA60)/AA60) -> 0
A61: SP060 | B61: YouTube | C61: 45398 | D61: Text | E61: Discover fresh beats on Spotify! | F61: 4674 | G61: 326 | H61: 62 | I61: 45503 | J61: 46814 | K61: 116 | L61: #DiscoverWeekly | M61: #SpotifyWrapped | N61: =(F61+G61+H61)/I61 -> 0.11124541 | O61: =RANK(N61,$N:$N,0) -> 79 | P61: =F61+G61+H61 -> 5062 | Q61: =IF(AND(--$C61>=--Campaign_Metadata_clean!$B$2,--$C61<=--Campaign_Metadata_clean!$C$2),"SummerBeats", IF(AND(--$C61>=--Campaign_Metadata_clean!$B$3,--$C61<=--Campaign_Metadata_clean!$C$3),"Wrapped2024", IF(AND(--$C61>=--Campaign_Metadata_clean!$B$4,--$C61<=--Campaign_Metadata_clean!$C$4),"ChillVibes", IF(AND(--$C61>=--Campaign_Metadata_clean!$B$5,--$C61<=--Campaign_Metadata_clean!$C$5),"IndieWave","No Campaign")))) -> No Campaign | R61: =IF(AND(C61>=DATE(2025,1,10), C61<=DATE(2025,2,10)), "During", IF(C61<DATE(2025,1,10), "Before", "Other")) -> Before | S61: =IF(OR(X61="",Y61=""),"", IF(AND(C61>=X61-30,C61<X61),"Before", IF(AND(C61>=X61,C61<=Y61),"During","Other"))) | X61: =IFERROR( _xlfn.XLOOKUP(Q61, Campaign_Metadata_clean!A:A, Campaign_Metadata_clean!B:B), "") | Y61: =IFERROR( _xlfn.XLOOKUP(Q61, Campaign_Metadata_clean!A:A, Campaign_Metadata_clean!C:C), "") | Z61: =IFERROR( AVERAGEIFS(N:N, C:C, ">=" & X61-30, C:C, "<" & X61), 0) -> 0 | AA61: =IFERROR( AVERAGEIFS(N:N, C:C, ">=" & X61, C:C, "<=" & Y61), 0) -> 0 | AB61: =IF(AA61=0,0,(AB61-AA61)/AA61) -> 0
A62: SP061 | B62: YouTube | C62: 45292 | D62: Reel | E62: Explore the latest podcasts now. | F62: 3437 | G62: 129 | H62: 359 | I62: 44558 | J62: 30854 | K62: 171 | L62: #DiscoverWeekly | M62: #SoundtrackOfLife | N62: =(F62+G62+H62)/I62 -> 0.088087437 | O62: =RANK(N62,$N:$N,0) -> 143 | P62: =F62+G62+H62 -> 3925 | Q62: =IF(AND(--$C62>=--Campaign_Metadata_clean!$B$2,--$C62<=--Campaign_Metadata_clean!$C$2),"SummerBeats", IF(AND(--$C62>=--Campaign_Metadata_clean!$B$3,--$C62<=--Campaign_Metadata_clean!$C$3),"Wrapped2024", IF(AND(--$C62>=--Campaign_Metadata_clean!$B$4,--$C62<=--Campaign_Metadata_clean!$C$4),"ChillVibes", IF(AND(--$C62>=--Campaign_Metadata_clean!$B$5,--$C62<=--Campaign_Metadata_clean!$C$5),"IndieWave","No Campaign")))) -> No Campaign | R62: =IF(AND(C62>=DATE(2025,1,10), C62<=DATE(2025,2,10)), "During", IF(C62<DATE(2025,1,10), "Before", "Other")) -> Before | S62: =IF(OR(X62="",Y62=""),"", IF(AND(C62>=X62-30,C62<X62),"Before", IF(AND(C62>=X62,C62<=Y62),"During","Other"))) | X62: =IFERROR( _xlfn.XLOOKUP(Q62, Campaign_Metadata_clean!A:A, Campaign_Metadata_clean!B:B), "") | Y62: =IFERROR( _xlfn.XLOOKUP(Q62, Campaign_Metadata_clean!A:A, Campaign_Metadata_clean!C:C), "") | Z62: =IFERROR( AVERAGEIFS(N:N, C:C, ">=" & X62-30, C:C, "<" & X62), 0) -> 0 | AA62: =IFERROR( AVERAGEIFS(N:N, C:C, ">=" & X62, C:C, "<=" & Y62), 0) -> 0 | AB62: =IF(AA62=0,0,(AB62-AA62)/AA62) -> 0
A63: SP062 | B63: Twitter | C63: 45599 | D63: Story | E63: Wrapped is here! Relive your top tracks | F63: 1959 | G63: 316 | H63: 82 | I63: 54036 | J63: 69015 | K63: 182 | L63: #MusicForEveryone | M63: #NowPlaying | N63: =(F63+G63+H63)/I63 -> 0.043619069 | O63: =RANK(N63,$N:$N,0) -> 270 | P63: =F63+G63+H63 -> 2357 | Q63: =IF(AND(--$C63>=--Campaign_Metadata_clean!$B$2,--$C63<=--Campaign_Metadata_clean!$C$2),"SummerBeats", IF(AND(--$C63>=--Campaign_Metadata_clean!$B$3,--$C63<=--Campaign_Metadata_clean!$C$3),"Wrapped2024", IF(AND(--$C63>=--Campaign_Metadata_clean!$B$4,--$C63<=--Campaign_Metadata_clean!$C$4),"ChillVibes", IF(AND(--$C63>=--Campaign_Metadata_clean!$B$5,--$C63<=--Campaign_Metadata_clean!$C$5),"IndieWave","No Campaign")))) -> No Campaign | R63: =IF(AND(C63>=DATE(2025,1,10), C63<=DATE(2025,2,10)), "During", IF(C63<DATE(2025,1,10), "Before", "Other")) -> Before | S63: =IF(OR(X63="",Y63=""),"", IF(AND(C63>=X63-30,C63<X63),"Before", IF(AND(C63>=X63,C63<=Y63),"During","Other"))) | X63: =IFERROR( _xlfn.XLOOKUP(Q63, Campaign_Metadata_clean!A:A, Campaign_Metadata_clean!B:B), "") | Y63: =IFERROR( _xlfn.XLOOKUP(Q63, Campaign_Metadata_clean!A:A, Campaign_Metadata_clean!C:C), "") | Z63: =IFERROR( AVERAGEIFS(N:N, C:C, ">=" & X63-30, C:C, "<" & X63), 0) -> 0 | AA63: =IFERROR( AVERAGEIFS(N:N, C:C, ">=" & X63, C:C, "<=" & Y63), 0) -> 0 | AB63: =IF(AA63=0,0,(AB63-AA63)/AA63) -> 0
A64: SP063 | B64: Twitter | C64: 45480 | D64: Text | E64: New music just dropped. Hit play! | F64: 1035 | G64: 137 | H64: 184 | I64: 37302 | J64: 68953 | K64: 237 | L64: #SoundtrackOfLife | N64: =(F64+G64+H64)/I64 -> 0.036351938 | O64: =RANK(N64,$N:$N,0) -> 282 | P64: =F64+G64+H64 -> 1356 | Q64: =IF(AND(--$C64>=--Campaign_Metadata_clean!$B$2,--$C64<=--Campaign_Metadata_clean!$C$2),"SummerBeats", IF(AND(--$C64>=--Campaign_Metadata_clean!$B$3,--$C64<=--Campaign_Metadata_clean!$C$3),"Wrapped2024", IF(AND(--$C64>=--Campaign_Metadata_clean!$B$4,--$C64<=--Campaign_Metadata_clean!$C$4),"ChillVibes", IF(AND(--$C64>=--Campaign_Metadata_clean!$B$5,--$C64<=--Campaign_Metadata_clean!$C$5),"IndieWave","No Campaign")))) -> SummerBeats | R64: =IF(AND(C64>=DATE(2025,1,10), C64<=DATE(2025,2,10)), "During", IF(C64<DATE(2025,1,10), "Before", "Other")) -> Before | S64: =IF(OR(X64="",Y64=""),"", IF(AND(C64>=X64-30,C64<X64),"Before", IF(AND(C64>=X64,C64<=Y64),"During","Other"))) -> During | X64: =IFERROR( _xlfn.XLOOKUP(Q64, Campaign_Metadata_clean!A:A, Campaign_Metadata_clean!B:B), "") -> 45458 | Y64: =IFERROR( _xlfn.XLOOKUP(Q64, Campaign_Metadata_clean!A:A, Campaign_Metadata_clean!C:C), "") -> 45488 | Z64: =IFERROR( AVERAGEIFS(N:N, C:C, ">=" & X64-30, C:C, "<" & X64), 0) -> 0.077477552 | AA64: =IFERROR( AVERAGEIFS(N:N, C:C, ">=" & X64, C:C, "<=" & Y64), 0) -> 0.096749506 | AB64: =IF(AA64=0,0,(AB64-AA64)/AA64) -> 0
A65: SP064 | B65: Twitter | C65: 45679 | D65: Story | E65: New music just dropped. Hit play! | F65: 4478 | G65: 101 | H65: 121 | I65: 51035 | J65: 58207 | K65: 205 | L65: #MusicForEveryone | M65: #NowPlaying | N65: =(F65+G65+H65)/I65 -> 0.092093661 | O65: =RANK(N65,$N:$N,0) -> 135 | P65: =F65+G65+H65 -> 4700 | Q65: =IF(AND(--$C65>=--Campaign_Metadata_clean!$B$2,--$C65<=--Campaign_Metadata_clean!$C$2),"SummerBeats", IF(AND(--$C65>=--Campaign_Metadata_clean!$B$3,--$C65<=--Campaign_Metadata_clean!$C$3),"Wrapped2024", IF(AND(--$C65>=--Campaign_Metadata_clean!$B$4,--$C65<=--Campaign_Metadata_clean!$C$4),"ChillVibes", IF(AND(--$C65>=--Campaign_Metadata_clean!$B$5,--$C65<=--Campaign_Metadata_clean!$C$5),"IndieWave","No Campaign")))) -> ChillVibes | R65: =IF(AND(C65>=DATE(2025,1,10), C65<=DATE(2025,2,10)), "During", IF(C65<DATE(2025,1,10), "Before", "Other")) -> During | S65: =IF(OR(X65="",Y65=""),"", IF(AND(C65>=X65-30,C65<X65),"Before", IF(AND(C65>=X65,C65<=Y65),"During","Other"))) -> During | X65: =IFERROR( _xlfn.XLOOKUP(Q65, Campaign_Metadata_clean!A:A, Campaign_Metadata_clean!B:B), "") -> 45667 | Y65: =IFERROR( _xlfn.XLOOKUP(Q65, Campaign_Metadata_clean!A:A, Campaign_Metadata_clean!C:C), "") -> 45698 | Z65: =IFERROR( AVERAGEIFS(N:N, C:C, ">=" & X65-30, C:C, "<" & X65), 0) -> 0.10086312 | AA65: =IFERROR( AVERAGEIFS(N:N, C:C, ">=" & X65, C:C, "<=" & Y65), 0) -> 0.1054116 | AB65: =IF(AA65=0,0,(AB65-AA65)/AA65) -> 0
A66: SP065 | B66: YouTube | C66: 45438 | D66: Text | E66: From pop to podcasts, it's all here. | F66: 1488 | G66: 327 | H66: 110 | I66: 53805 | J66: 30239 | K66: 109 | L66: #DiscoverWeekly | M66: #SpotifyWrapped | N66: =(F66+G66+H66)/I66 -> 0.035777344 | O66: =RANK(N66,$N:$N,0) -> 285 | P66: =F66+G66+H66 -> 1925 | Q66: =IF(AND(--$C66>=--Campaign_Metadata_clean!$B$2,--$C66<=--Campaign_Metadata_clean!$C$2),"SummerBeats", IF(AND(--$C66>=--Campaign_Metadata_clean!$B$3,--$C66<=--Campaign_Metadata_clean!$C$3),"Wrapped2024", IF(AND(--$C66>=--Campaign_Metadata_clean!$B$4,--$C66<=--Campaign_Metadata_clean!$C$4),"ChillVibes", IF(AND(--$C66>=--Campaign_Metadata_clean!$B$5,--$C66<=--Campaign_Metadata_clean!$C$5),"IndieWave","No Campaign")))) -> No Campaign | R66: =IF(AND(C66>=DATE(2025,1,10), C66<=DATE(2025,2,10)), "During", IF(C66<DATE(2025,1,10), "Before", "Other")) -> Before | S66: =IF(OR(X66="",Y66=""),"", IF(AND(C66>=X66-30,C66<X66),"Before", IF(AND(C66>=X66,C66<=Y66),"During","Other"))) | X66: =IFERROR( _xlfn.XLOOKUP(Q66, Campaign_Metadata_clean!A:A, Campaign_Metadata_clean!B:B), "") | Y66: =IFERROR( _xlfn.XLOOKUP(Q66, Campaign_Metadata_clean!A:A, Campaign_Metadata_clean!C:C), "") | Z66: =IFERROR( AVERAGEIFS(N:N, C:C, ">=" & X66-30, C:C, "<" & X66), 0) -> 0 | AA66: =IFERROR( AVERAGEIFS(N:N, C:C, ">=" & X66, C:C, "<=" & Y66), 0) -> 0 | AB66: =IF(AA66=0,0,(AB66-AA66)/AA66) -> 0
A67: SP066 | B67: Instagram | C67: 45763 | D67: Text | E67: Wrapped is here! Relive your top tracks | F67: 4836 | G67: 331 | H67: 140 | I67: 58792 | J67: 47711 | K67: 227 | L67: #SoundtrackOfLife | M67: #NowPlaying | N67: =(F67+G67+H67)/I67 -> 0.090267383 | O67: =RANK(N67,$N:$N,0) -> 138 | P67: =F67+G67+H67 -> 5307 | Q67: =IF(AND(--$C67>=--Campaign_Metadata_clean!$B$2,--$C67<=--Campaign_Metadata_clean!$C$2),"SummerBeats", IF(AND(--$C67>=--Campaign_Metadata_clean!$B$3,--$C67<=--Campaign_Metadata_clean!$C$3),"Wrapped2024", IF(AND(--$C67>=--Campaign_Metadata_clean!$B$4,--$C67<=--Campaign_Metadata_clean!$C$4),"ChillVibes", IF(AND(--$C67>=--Campaign_Metadata_clean!$B$5,--$C67<=--Campaign_Metadata_clean!$C$5),"IndieWave","No Campaign")))) -> No Campaign | R67: =IF(AND(C67>=DATE(2025,1,10), C67<=DATE(2025,2,10)), "During", IF(C67<DATE(2025,1,10), "Before", "Other")) -> Other | S67: =IF(OR(X67="",Y67=""),"", IF(AND(C67>=X67-30,C67<X67),"Before", IF(AND(C67>=X67,C67<=Y67),"During","Other"))) | X67: =IFERROR( _xlfn.XLOOKUP(Q67, Campaign_Metadata_clean!A:A, Campaign_Metadata_clean!B:B), "") | Y67: =IFERROR( _xlfn.XLOOKUP(Q67, Campaign_Metadata_clean!A:A, Campaign_Metadata_clean!C:C), "") | Z67: =IFERROR( AVERAGEIFS(N:N, C:C, ">=" & X67-30, C:C, "<" & X67), 0) -> 0 | AA67: =IFERROR( AVERAGEIFS(N:N, C:C, ">=" & X67, C:C, "<=" & Y67), 0) -> 0 | AB67: =IF(AA67=0,0,(AB67-AA67)/AA67) -> 0
A68: SP067 | B68: YouTube | C68: 45384 | D68: Reel | E68: Your weekend playlist is waiting. | F68: 4563 | G68: 488 | H68: 356 | I68: 30619 | J68: 23328 | K68: 267 | L68: #DiscoverWeekly | M68: #SoundtrackOfLife | N68: =(F68+G68+H68)/I68 -> 0.1765897 | O68: =RANK(N68,$N:$N,0) -> 14 | P68: =F68+G68+H68 -> 5407 | Q68: =IF(AND(--$C68>=--Campaign_Metadata_clean!$B$2,--$C68<=--Campaign_Metadata_clean!$C$2),"SummerBeats", IF(AND(--$C68>=--Campaign_Metadata_clean!$B$3,--$C68<=--Campaign_Metadata_clean!$C$3),"Wrapped2024", IF(AND(--$C68>=--Campaign_Metadata_clean!$B$4,--$C68<=--Campaign_Metadata_clean!$C$4),"ChillVibes", IF(AND(--$C68>=--Campaign_Metadata_clean!$B$5,--$C68<=--Campaign_Metadata_clean!$C$5),"IndieWave","No Campaign")))) -> No Campaign | R68: =IF(AND(C68>=DATE(2025,1,10), C68<=DATE(2025,2,10)), "During", IF(C68<DATE(2025,1,10), "Before", "Other")) -> Before | S68: =IF(OR(X68="",Y68=""),"", IF(AND(C68>=X68-30,C68<X68),"Before", IF(AND(C68>=X68,C68<=Y68),"During","Other"))) | X68: =IFERROR( _xlfn.XLOOKUP(Q68, Campaign_Metadata_clean!A:A, Campaign_Metadata_clean!B:B), "") | Y68: =IFERROR( _xlfn.XLOOKUP(Q68, Campaign_Metadata_clean!A:A, Campaign_Metadata_clean!C:C), "") | Z68: =IFERROR( AVERAGEIFS(N:N, C:C, ">=" & X68-30, C:C, "<" & X68), 0) -> 0 | AA68: =IFERROR( AVERAGEIFS(N:N, C:C, ">=" & X68, C:C, "<=" & Y68), 0) -> 0 | AB68: =IF(AA68=0,0,(AB68-AA68)/AA68) -> 0
A69: SP068 | B69: Twitter | C69: 45379 | D69: Text | E69: Music that moves you-only on Spotify. | F69: 3276 | G69: 421 | H69: 114 | I69: 20580 | J69: 30324 | K69: 221 | L69: #SoundtrackOfLife | N69: =(F69+G69+H69)/I69 -> 0.18517979 | O69: =RANK(N69,$N:$N,0) -> 10 | P69: =F69+G69+H69 -> 3811 | Q69: =IF(AND(--$C69>=--Campaign_Metadata_clean!$B$2,--$C69<=--Campaign_Metadata_clean!$C$2),"SummerBeats", IF(AND(--$C69>=--Campaign_Metadata_clean!$B$3,--$C69<=--Campaign_Metadata_clean!$C$3),"Wrapped2024", IF(AND(--$C69>=--Campaign_Metadata_clean!$B$4,--$C69<=--Campaign_Metadata_clean!$C$4),"ChillVibes", IF(AND(--$C69>=--Campaign_Metadata_clean!$B$5,--$C69<=--Campaign_Metadata_clean!$C$5),"IndieWave","No Campaign")))) -> No Campaign | R69: =IF(AND(C69>=DATE(2025,1,10), C69<=DATE(2025,2,10)), "During", IF(C69<DATE(2025,1,10), "Before", "Other")) -> Before | S69: =IF(OR(X69="",Y69=""),"", IF(AND(C69>=X69-30,C69<X69),"Before", IF(AND(C69>=X69,C69<=Y69),"During","Other"))) | X69: =IFERROR( _xlfn.XLOOKUP(Q69, Campaign_Metadata_clean!A:A, Campaign_Metadata_clean!B:B), "") | Y69: =IFERROR( _xlfn.XLOOKUP(Q69, Campaign_Metadata_clean!A:A, Campaign_Metadata_clean!C:C), "") | Z69: =IFERROR( AVERAGEIFS(N:N, C:C, ">=" & X69-30, C:C, "<" & X69), 0) -> 0 | AA69: =IFERROR( AVERAGEIFS(N:N, C:C, ">=" & X69, C:C, "<=" & Y69), 0) -> 0 | AB69: =IF(AA69=0,0,(AB69-AA69)/AA69) -> 0
A70: SP069 | B70: Twitter | C70: 45643 | D70: Story | E70: Music that moves you-only on Spotify. | F70: 1316 | G70: 472 | H70: 286 | I70: 44692 | J70: 53343 | K70: 227 | L70: #DiscoverWeekly | M70: #MusicForEveryone | N70: =(F70+G70+H70)/I70 -> 0.046406516 | O70: =RANK(N70,$N:$N,0) -> 263 | P70: =F70+G70+H70 -> 2074 | Q70: =IF(AND(--$C70>=--Campaign_Metadata_clean!$B$2,--$C70<=--Campaign_Metadata_clean!$C$2),"SummerBeats", IF(AND(--$C70>=--Campaign_Metadata_clean!$B$3,--$C70<=--Campaign_Metadata_clean!$C$3),"Wrapped2024", IF(AND(--$C70>=--Campaign_Metadata_clean!$B$4,--$C70<=--Campaign_Metadata_clean!$C$4),"ChillVibes", IF(AND(--$C70>=--Campaign_Metadata_clean!$B$5,--$C70<=--Campaign_Metadata_clean!$C$5),"IndieWave","No Campaign")))) -> Wrapped2024 | R70: =IF(AND(C70>=DATE(2025,1,10), C70<=DATE(2025,2,10)), "During", IF(C70<DATE(2025,1,10), "Before", "Other")) -> Before | S70: =IF(OR(X70="",Y70=""),"", IF(AND(C70>=X70-30,C70<X70),"Before", IF(AND(C70>=X70,C70<=Y70),"During","Other"))) -> During | X70: =IFERROR( _xlfn.XLOOKUP(Q70, Campaign_Metadata_clean!A:A, Campaign_Metadata_clean!B:B), "") -> 45627 | Y70: =IFERROR( _xlfn.XLOOKUP(Q70, Campaign_Metadata_clean!A:A, Campaign_Metadata_clean!C:C), "") -> 45657 | Z70: =IFERROR( AVERAGEIFS(N:N, C:C, ">=" & X70-30, C:C, "<" & X70), 0) -> 0.092680819 | AA70: =IFERROR( AVERAGEIFS(N:N, C:C, ">=" & X70, C:C, "<=" & Y70), 0) -> 0.099294725 | AB70: =IF(AA70=0,0,(AB70-AA70)/AA70) -> 0
A71: SP070 | B71: Twitter | C71: 45662 | D71: Text | E71: Wrapped is here! Relive your top tracks | F71: 4811 | G71: 473 | H71: 254 | I71: 51964 | J71: 68795 | K71: 107 | L71: #NowPlaying | N71: =(F71+G71+H71)/I71 -> 0.10657378 | O71: =RANK(N71,$N:$N,0) -> 93 | P71: =F71+G71+H71 -> 5538 | Q71: =IF(AND(--$C71>=--Campaign_Metadata_clean!$B$2,--$C71<=--Campaign_Metadata_clean!$C$2),"SummerBeats", IF(AND(--$C71>=--Campaign_Metadata_clean!$B$3,--$C71<=--Campaign_Metadata_clean!$C$3),"Wrapped2024", IF(AND(--$C71>=--Campaign_Metadata_clean!$B$4,--$C71<=--Campaign_Metadata_clean!$C$4),"ChillVibes", IF(AND(--$C71>=--Campaign_Metadata_clean!$B$5,--$C71<=--Campaign_Metadata_clean!$C$5),"IndieWave","No Campaign")))) -> No Campaign | R71: =IF(AND(C71>=DATE(2025,1,10), C71<=DATE(2025,2,10)), "During", IF(C71<DATE(2025,1,10), "Before", "Other")) -> Before | S71: =IF(OR(X71="",Y71=""),"", IF(AND(C71>=X71-30,C71<X71),"Before", IF(AND(C71>=X71,C71<=Y71),"During","Other"))) | X71: =IFERROR( _xlfn.XLOOKUP(Q71, Campaign_Metadata_clean!A:A, Campaign_Metadata_clean!B:B), "") | Y71: =IFERROR( _xlfn.XLOOKUP(Q71, Campaign_Metadata_clean!A:A, Campaign_Metadata_clean!C:C), "") | Z71: =IFERROR( AVERAGEIFS(N:N, C:C, ">=" & X71-30, C:C, "<" & X71), 0) -> 0 | AA71: =IFERROR( AVERAGEIFS(N:N, C:C, ">=" & X71, C:C, "<=" & Y71), 0) -> 0 | AB71: =IF(AA71=0,0,(AB71-AA71)/AA71) -> 0
A72: SP071 | B72: Twitter | C72: 45302 | D72: Text | E72: What's your vibe today? #SpotifyHits | F72: 4218 | G72: 247 | H72: 183 | I72: 28914 | J72: 18310 | K72: 135 | L72: #SoundtrackOfLife | N72: =(F72+G72+H72)/I72 -> 0.16075258 | O72: =RANK(N72,$N:$N,0) -> 28 | P72: =F72+G72+H72 -> 4648 | Q72: =IF(AND(--$C72>=--Campaign_Metadata_clean!$B$2,--$C72<=--Campaign_Metadata_clean!$C$2),"SummerBeats", IF(AND(--$C72>=--Campaign_Metadata_clean!$B$3,--$C72<=--Campaign_Metadata_clean!$C$3),"Wrapped2024", IF(AND(--$C72>=--Campaign_Metadata_clean!$B$4,--$C72<=--Campaign_Metadata_clean!$C$4),"ChillVibes", IF(AND(--$C72>=--Campaign_Metadata_clean!$B$5,--$C72<=--Campaign_Metadata_clean!$C$5),"IndieWave","No Campaign")))) -> No Campaign | R72: =IF(AND(C72>=DATE(2025,1,10), C72<=DATE(2025,2,10)), "During", IF(C72<DATE(2025,1,10), "Before", "Other")) -> Before | S72: =IF(OR(X72="",Y72=""),"", IF(AND(C72>=X72-30,C72<X72),"Before", IF(AND(C72>=X72,C72<=Y72),"During","Other"))) | X72: =IFERROR( _xlfn.XLOOKUP(Q72, Campaign_Metadata_clean!A:A, Campaign_Metadata_clean!B:B), "") | Y72: =IFERROR( _xlfn.XLOOKUP(Q72, Campaign_Metadata_clean!A:A, Campaign_Metadata_clean!C:C), "") | Z72: =IFERROR( AVERAGEIFS(N:N, C:C, ">=" & X72-30, C:C, "<" & X72), 0) -> 0 | AA72: =IFERROR( AVERAGEIFS(N:N, C:C, ">=" & X72, C:C, "<=" & Y72), 0) -> 0 | AB72: =IF(AA72=0,0,(AB72-AA72)/AA72) -> 0
A73: SP072 | B73: Instagram | C73: 45576 | D73: Text | E73: From pop to podcasts, it's all here. | F73: 1360 | G73: 249 | H73: 52 | I73: 20368 | J73: 42152 | K73: 193 | L73: #DiscoverWeekly | N73: =(F73+G73+H73)/I73 -> 0.081549489 | O73: =RANK(N73,$N:$N,0) -> 171 | P73: =F73+G73+H73 -> 1661 | Q73: =IF(AND(--$C73>=--Campaign_Metadata_clean!$B$2,--$C73<=--Campaign_Metadata_clean!$C$2),"SummerBeats", IF(AND(--$C73>=--Campaign_Metadata_clean!$B$3,--$C73<=--Campaign_Metadata_clean!$C$3),"Wrapped2024", IF(AND(--$C73>=--Campaign_Metadata_clean!$B$4,--$C73<=--Campaign_Metadata_clean!$C$4),"ChillVibes", IF(AND(--$C73>=--Campaign_Metadata_clean!$B$5,--$C73<=--Campaign_Metadata_clean!$C$5),"IndieWave","No Campaign")))) -> No Campaign | R73: =IF(AND(C73>=DATE(2025,1,10), C73<=DATE(2025,2,10)), "During", IF(C73<DATE(2025,1,10), "Before", "Other")) -> Before | S73: =IF(OR(X73="",Y73=""),"", IF(AND(C73>=X73-30,C73<X73),"Before", IF(AND(C73>=X73,C73<=Y73),"During","Other"))) | X73: =IFERROR( _xlfn.XLOOKUP(Q73, Campaign_Metadata_clean!A:A, Campaign_Metadata_clean!B:B), "") | Y73: =IFERROR( _xlfn.XLOOKUP(Q73, Campaign_Metadata_clean!A:A, Campaign_Metadata_clean!C:C), "") | Z73: =IFERROR( AVERAGEIFS(N:N, C:C, ">=" & X73-30, C:C, "<" & X73), 0) -> 0 | AA73: =IFERROR( AVERAGEIFS(N:N, C:C, ">=" & X73, C:C, "<=" & Y73), 0) -> 0 | AB73: =IF(AA73=0,0,(AB73-AA73)/AA73) -> 0
A74: SP073 | B74: YouTube | C74: 45783 | D74: Reel | E74: Discover fresh beats on Spotify! | F74: 1085 | G74: 496 | H74: 320 | I74: 36528 | J74: 38599 | K74: 270 | L74: #DiscoverWeekly | M74: #SoundtrackOfLife | N74: =(F74+G74+H74)/I74 -> 0.052042269 | O74: =RANK(N74,$N:$N,0) -> 247 | P74: =F74+G74+H74 -> 1901 | Q74: =IF(AND(--$C74>=--Campaign_Metadata_clean!$B$2,--$C74<=--Campaign_Metadata_clean!$C$2),"SummerBeats", IF(AND(--$C74>=--Campaign_Metadata_clean!$B$3,--$C74<=--Campaign_Metadata_clean!$C$3),"Wrapped2024", IF(AND(--$C74>=--Campaign_Metadata_clean!$B$4,--$C74<=--Campaign_Metadata_clean!$C$4),"ChillVibes", IF(AND(--$C74>=--Campaign_Metadata_clean!$B$5,--$C74<=--Campaign_Metadata_clean!$C$5),"IndieWave","No Campaign")))) -> No Campaign | R74: =IF(AND(C74>=DATE(2025,1,10), C74<=DATE(2025,2,10)), "During", IF(C74<DATE(2025,1,10), "Before", "Other")) -> Other | S74: =IF(OR(X74="",Y74=""),"", IF(AND(C74>=X74-30,C74<X74),"Before", IF(AND(C74>=X74,C74<=Y74),"During","Other"))) | X74: =IFERROR( _xlfn.XLOOKUP(Q74, Campaign_Metadata_clean!A:A, Campaign_Metadata_clean!B:B), "") | Y74: =IFERROR( _xlfn.XLOOKUP(Q74, Campaign_Metadata_clean!A:A, Campaign_Metadata_clean!C:C), "") | Z74: =IFERROR( AVERAGEIFS(N:N, C:C, ">=" & X74-30, C:C, "<" & X74), 0) -> 0 | AA74: =IFERROR( AVERAGEIFS(N:N, C:C, ">=" & X74, C:C, "<=" & Y74), 0) -> 0 | AB74: =IF(AA74=0,0,(AB74-AA74)/AA74) -> 0
A75: SP074 | B75: Twitter | C75: 45431 | D75: Story | E75: Get into the groove with our new drop! | F75: 1763 | G75: 206 | H75: 187 | I75: 53342 | J75: 25095 | K75: 88 | L75: #DiscoverWeekly | M75: #MusicForEveryone | N75: =(F75+G75+H75)/I75 -> 0.040418432 | O75: =RANK(N75,$N:$N,0) -> 274 | P75: =F75+G75+H75 -> 2156 | Q75: =IF(AND(--$C75>=--Campaign_Metadata_clean!$B$2,--$C75<=--Campaign_Metadata_clean!$C$2),"SummerBeats", IF(AND(--$C75>=--Campaign_Metadata_clean!$B$3,--$C75<=--Campaign_Metadata_clean!$C$3),"Wrapped2024", IF(AND(--$C75>=--Campaign_Metadata_clean!$B$4,--$C75<=--Campaign_Metadata_clean!$C$4),"ChillVibes", IF(AND(--$C75>=--Campaign_Metadata_clean!$B$5,--$C75<=--Campaign_Metadata_clean!$C$5),"IndieWave","No Campaign")))) -> No Campaign | R75: =IF(AND(C75>=DATE(2025,1,10), C75<=DATE(2025,2,10)), "During", IF(C75<DATE(2025,1,10), "Before", "Other")) -> Before | S75: =IF(OR(X75="",Y75=""),"", IF(AND(C75>=X75-30,C75<X75),"Before", IF(AND(C75>=X75,C75<=Y75),"During","Other"))) | X75: =IFERROR( _xlfn.XLOOKUP(Q75, Campaign_Metadata_clean!A:A, Campaign_Metadata_clean!B:B), "") | Y75: =IFERROR( _xlfn.XLOOKUP(Q75, Campaign_Metadata_clean!A:A, Campaign_Metadata_clean!C:C), "") | Z75: =IFERROR( AVERAGEIFS(N:N, C:C, ">=" & X75-30, C:C, "<" & X75), 0) -> 0 | AA75: =IFERROR( AVERAGEIFS(N:N, C:C, ">=" & X75, C:C, "<=" & Y75), 0) -> 0 | AB75: =IF(AA75=0,0,(AB75-AA75)/AA75) -> 0
A76: SP075 | B76: Twitter | C76: 45313 | D76: Story | E76: From pop to podcasts, it's all here. | F76: 1554 | G76: 455 | H76: 158 | I76: 41947 | J76: 48578 | K76: 101 | L76: #SoundtrackOfLife | M76: #NowPlaying | N76: =(F76+G76+H76)/I76 -> 0.051660429 | O76: =RANK(N76,$N:$N,0) -> 252 | P76: =F76+G76+H76 -> 2167 | Q76: =IF(AND(--$C76>=--Campaign_Metadata_clean!$B$2,--$C76<=--Campaign_Metadata_clean!$C$2),"SummerBeats", IF(AND(--$C76>=--Campaign_Metadata_clean!$B$3,--$C76<=--Campaign_Metadata_clean!$C$3),"Wrapped2024", IF(AND(--$C76>=--Campaign_Metadata_clean!$B$4,--$C76<=--Campaign_Metadata_clean!$C$4),"ChillVibes", IF(AND(--$C76>=--Campaign_Metadata_clean!$B$5,--$C76<=--Campaign_Metadata_clean!$C$5),"IndieWave","No Campaign")))) -> No Campaign | R76: =IF(AND(C76>=DATE(2025,1,10), C76<=DATE(2025,2,10)), "During", IF(C76<DATE(2025,1,10), "Before", "Other")) -> Before | S76: =IF(OR(X76="",Y76=""),"", IF(AND(C76>=X76-30,C76<X76),"Before", IF(AND(C76>=X76,C76<=Y76),"During","Other"))) | X76: =IFERROR( _xlfn.XLOOKUP(Q76, Campaign_Metadata_clean!A:A, Campaign_Metadata_clean!B:B), "") | Y76: =IFERROR( _xlfn.XLOOKUP(Q76, Campaign_Metadata_clean!A:A, Campaign_Metadata_clean!C:C), "") | Z76: =IFERROR( AVERAGEIFS(N:N, C:C, ">=" & X76-30, C:C, "<" & X76), 0) -> 0 | AA76: =IFERROR( AVERAGEIFS(N:N, C:C, ">=" & X76, C:C, "<=" & Y76), 0) -> 0 | AB76: =IF(AA76=0,0,(AB76-AA76)/AA76) -> 0
A77: SP076 | B77: Instagram | C77: 45487 | D77: Text | E77: Wrapped is here! Relive your top tracks | F77: 2464 | G77: 401 | H77: 78 | I77: 38665 | J77: 73593 | K77: 207 | L77: #DiscoverWeekly | N77: =(F77+G77+H77)/I77 -> 0.07611535 | O77: =RANK(N77,$N:$N,0) -> 186 | P77: =F77+G77+H77 -> 2943 | Q77: =IF(AND(--$C77>=--Campaign_Metadata_clean!$B$2,--$C77<=--Campaign_Metadata_clean!$C$2),"SummerBeats", IF(AND(--$C77>=--Campaign_Metadata_clean!$B$3,--$C77<=--Campaign_Metadata_clean!$C$3),"Wrapped2024", IF(AND(--$C77>=--Campaign_Metadata_clean!$B$4,--$C77<=--Campaign_Metadata_clean!$C$4),"ChillVibes", IF(AND(--$C77>=--Campaign_Metadata_clean!$B$5,--$C77<=--Campaign_Metadata_clean!$C$5),"IndieWave","No Campaign")))) -> SummerBeats | R77: =IF(AND(C77>=DATE(2025,1,10), C77<=DATE(2025,2,10)), "During", IF(C77<DATE(2025,1,10), "Before", "Other")) -> Before | S77: =IF(OR(X77="",Y77=""),"", IF(AND(C77>=X77-30,C77<X77),"Before", IF(AND(C77>=X77,C77<=Y77),"During","Other"))) -> During | X77: =IFERROR( _xlfn.XLOOKUP(Q77, Campaign_Metadata_clean!A:A, Campaign_Metadata_clean!B:B), "") -> 45458 | Y77: =IFERROR( _xlfn.XLOOKUP(Q77, Campaign_Metadata_clean!A:A, Campaign_Metadata_clean!C:C), "") -> 45488 | Z77: =IFERROR( AVERAGEIFS(N:N, C:C, ">=" & X77-30, C:C, "<" & X77), 0) -> 0.077477552 | AA77: =IFERROR( AVERAGEIFS(N:N, C:C, ">=" & X77, C:C, "<=" & Y77), 0) -> 0.096749506 | AB77: =IF(AA77=0,0,(AB77-AA77)/AA77) -> 0
A78: SP077 | B78: Twitter | C78: 45805 | D78: Text | E78: From pop to podcasts, it's all here. | F78: 2418 | G78: 161 | H78: 360 | I78: 30589 | J78: 41383 | K78: 88 | L78: #NowPlaying | N78: =(F78+G78+H78)/I78 -> 0.09608029 | O78: =RANK(N78,$N:$N,0) -> 118 | P78: =F78+G78+H78 -> 2939 | Q78: =IF(AND(--$C78>=--Campaign_Metadata_clean!$B$2,--$C78<=--Campaign_Metadata_clean!$C$2),"SummerBeats", IF(AND(--$C78>=--Campaign_Metadata_clean!$B$3,--$C78<=--Campaign_Metadata_clean!$C$3),"Wrapped2024", IF(AND(--$C78>=--Campaign_Metadata_clean!$B$4,--$C78<=--Campaign_Metadata_clean!$C$4),"ChillVibes", IF(AND(--$C78>=--Campaign_Metadata_clean!$B$5,--$C78<=--Campaign_Metadata_clean!$C$5),"IndieWave","No Campaign")))) -> No Campaign | R78: =IF(AND(C78>=DATE(2025,1,10), C78<=DATE(2025,2,10)), "During", IF(C78<DATE(2025,1,10), "Before", "Other")) -> Other | S78: =IF(OR(X78="",Y78=""),"", IF(AND(C78>=X78-30,C78<X78),"Before", IF(AND(C78>=X78,C78<=Y78),"During","Other"))) | X78: =IFERROR( _xlfn.XLOOKUP(Q78, Campaign_Metadata_clean!A:A, Campaign_Metadata_clean!B:B), "") | Y78: =IFERROR( _xlfn.XLOOKUP(Q78, Campaign_Metadata_clean!A:A, Campaign_Metadata_clean!C:C), "") | Z78: =IFERROR( AVERAGEIFS(N:N, C:C, ">=" & X78-30, C:C, "<" & X78), 0) -> 0 | AA78: =IFERROR( AVERAGEIFS(N:N, C:C, ">=" & X78, C:C, "<=" & Y78), 0) -> 0 | AB78: =IF(AA78=0,0,(AB78-AA78)/AA78) -> 0
A79: SP078 | B79: Twitter | C79: 45678 | D79: Story | E79: Discover fresh beats on Spotify! | F79: 2494 | G79: 494 | H79: 55 | I79: 22580 | J79: 22214 | K79: 109 | L79: #MusicForEveryone | M79: #NowPlaying | N79: =(F79+G79+H79)/I79 -> 0.13476528 | O79: =RANK(N79,$N:$N,0) -> 51 | P79: =F79+G79+H79 -> 3043 | Q79: =IF(AND(--$C79>=--Campaign_Metadata_clean!$B$2,--$C79<=--Campaign_Metadata_clean!$C$2),"SummerBeats", IF(AND(--$C79>=--Campaign_Metadata_clean!$B$3,--$C79<=--Campaign_Metadata_clean!$C$3),"Wrapped2024", IF(AND(--$C79>=--Campaign_Metadata_clean!$B$4,--$C79<=--Campaign_Metadata_clean!$C$4),"ChillVibes", IF(AND(--$C79>=--Campaign_Metadata_clean!$B$5,--$C79<=--Campaign_Metadata_clean!$C$5),"IndieWave","No Campaign")))) -> ChillVibes | R79: =IF(AND(C79>=DATE(2025,1,10), C79<=DATE(2025,2,10)), "During", IF(C79<DATE(2025,1,10), "Before", "Other")) -> During | S79: =IF(OR(X79="",Y79=""),"", IF(AND(C79>=X79-30,C79<X79),"Before", IF(AND(C79>=X79,C79<=Y79),"During","Other"))) -> During | X79: =IFERROR( _xlfn.XLOOKUP(Q79, Campaign_Metadata_clean!A:A, Campaign_Metadata_clean!B:B), "") -> 45667 | Y79: =IFERROR( _xlfn.XLOOKUP(Q79, Campaign_Metadata_clean!A:A, Campaign_Metadata_clean!C:C), "") -> 45698 | Z79: =IFERROR( AVERAGEIFS(N:N, C:C, ">=" & X79-30, C:C, "<" & X79), 0) -> 0.10086312 | AA79: =IFERROR( AVERAGEIFS(N:N, C:C, ">=" & X79, C:C, "<=" & Y79), 0) -> 0.1054116 | AB79: =IF(AA79=0,0,(AB79-AA79)/AA79) -> 0
A80: SP079 | B80: YouTube | C80: 45304 | D80: Reel | E80: New music just dropped. Hit play! | F80: 4781 | G80: 191 | H80: 122 | I80: 35535 | J80: 50777 | K80: 128 | L80: #DiscoverWeekly | M80: #SoundtrackOfLife | N80: =(F80+G80+H80)/I80 -> 0.14335163 | O80: =RANK(N80,$N:$N,0) -> 44 | P80: =F80+G80+H80 -> 5094 | Q80: =IF(AND(--$C80>=--Campaign_Metadata_clean!$B$2,--$C80<=--Campaign_Metadata_clean!$C$2),"SummerBeats", IF(AND(--$C80>=--Campaign_Metadata_clean!$B$3,--$C80<=--Campaign_Metadata_clean!$C$3),"Wrapped2024", IF(AND(--$C80>=--Campaign_Metadata_clean!$B$4,--$C80<=--Campaign_Metadata_clean!$C$4),"ChillVibes", IF(AND(--$C80>=--Campaign_Metadata_clean!$B$5,--$C80<=--Campaign_Metadata_clean!$C$5),"IndieWave","No Campaign")))) -> No Campaign | R80: =IF(AND(C80>=DATE(2025,1,10), C80<=DATE(2025,2,10)), "During", IF(C80<DATE(2025,1,10), "Before", "Other")) -> Before | S80: =IF(OR(X80="",Y80=""),"", IF(AND(C80>=X80-30,C80<X80),"Before", IF(AND(C80>=X80,C80<=Y80),"During","Other"))) | X80: =IFERROR( _xlfn.XLOOKUP(Q80, Campaign_Metadata_clean!A:A, Campaign_Metadata_clean!B:B), "") | Y80: =IFERROR( _xlfn.XLOOKUP(Q80, Campaign_Metadata_clean!A:A, Campaign_Metadata_clean!C:C), "") | Z80: =IFERROR( AVERAGEIFS(N:N, C:C, ">=" & X80-30, C:C, "<" & X80), 0) -> 0 | AA80: =IFERROR( AVERAGEIFS(N:N, C:C, ">=" & X80, C:C, "<=" & Y80), 0) -> 0 | AB80: =IF(AA80=0,0,(AB80-AA80)/AA80) -> 0
A81: SP080 | B81: Instagram | C81: 45825 | D81: Text | E81: Music that moves you-only on Spotify. | F81: 2284 | G81: 187 | H81: 260 | I81: 37400 | J81: 65014 | K81: 157 | L81: #SoundtrackOfLife | M81: #NowPlaying | N81: =(F81+G81+H81)/I81 -> 0.07302139 | O81: =RANK(N81,$N:$N,0) -> 194 | P81: =F81+G81+H81 -> 2731 | Q81: =IF(AND(--$C81>=--Campaign_Metadata_clean!$B$2,--$C81<=--Campaign_Metadata_clean!$C$2),"SummerBeats", IF(AND(--$C81>=--Campaign_Metadata_clean!$B$3,--$C81<=--Campaign_Metadata_clean!$C$3),"Wrapped2024", IF(AND(--$C81>=--Campaign_Metadata_clean!$B$4,--$C81<=--Campaign_Metadata_clean!$C$4),"ChillVibes", IF(AND(--$C81>=--Campaign_Metadata_clean!$B$5,--$C81<=--Campaign_Metadata_clean!$C$5),"IndieWave","No Campaign")))) -> No Campaign | R81: =IF(AND(C81>=DATE(2025,1,10), C81<=DATE(2025,2,10)), "During", IF(C81<DATE(2025,1,10), "Before", "Other")) -> Other | S81: =IF(OR(X81="",Y81=""),"", IF(AND(C81>=X81-30,C81<X81),"Before", IF(AND(C81>=X81,C81<=Y81),"During","Other"))) | X81: =IFERROR( _xlfn.XLOOKUP(Q81, Campaign_Metadata_clean!A:A, Campaign_Metadata_clean!B:B), "") | Y81: =IFERROR( _xlfn.XLOOKUP(Q81, Campaign_Metadata_clean!A:A, Campaign_Metadata_clean!C:C), "") | Z81: =IFERROR( AVERAGEIFS(N:N, C:C, ">=" & X81-30, C:C, "<" & X81), 0) -> 0 | AA81: =IFERROR( AVERAGEIFS(N:N, C:C, ">=" & X81, C:C, "<=" & Y81), 0) -> 0 | AB81: =IF(AA81=0,0,(AB81-AA81)/AA81) -> 0
A82: SP081 | B82: Twitter | C82: 45723 | D82: Text | E82: Get into the groove with our new drop! | F82: 4234 | G82: 486 | H82: 276 | I82: 56623 | J82: 41343 | K82: 184 | L82: #SoundtrackOfLife | N82: =(F82+G82+H82)/I82 -> 0.088232697 | O82: =RANK(N82,$N:$N,0) -> 142 | P82: =F82+G82+H82 -> 4996 | Q82: =IF(AND(--$C82>=--Campaign_Metadata_clean!$B$2,--$C82<=--Campaign_Metadata_clean!$C$2),"SummerBeats", IF(AND(--$C82>=--Campaign_Metadata_clean!$B$3,--$C82<=--Campaign_Metadata_clean!$C$3),"Wrapped2024", IF(AND(--$C82>=--Campaign_Metadata_clean!$B$4,--$C82<=--Campaign_Metadata_clean!$C$4),"ChillVibes", IF(AND(--$C82>=--Campaign_Metadata_clean!$B$5,--$C82<=--Campaign_Metadata_clean!$C$5),"IndieWave","No Campaign")))) -> IndieWave | R82: =IF(AND(C82>=DATE(2025,1,10), C82<=DATE(2025,2,10)), "During", IF(C82<DATE(2025,1,10), "Before", "Other")) -> Other | S82: =IF(OR(X82="",Y82=""),"", IF(AND(C82>=X82-30,C82<X82),"Before", IF(AND(C82>=X82,C82<=Y82),"During","Other"))) -> During | X82: =IFERROR( _xlfn.XLOOKUP(Q82, Campaign_Metadata_clean!A:A, Campaign_Metadata_clean!B:B), "") -> 45717 | Y82: =IFERROR( _xlfn.XLOOKUP(Q82, Campaign_Metadata_clean!A:A, Campaign_Metadata_clean!C:C), "") -> 45747 | Z82: =IFERROR( AVERAGEIFS(N:N, C:C, ">=" & X82-30, C:C, "<" & X82), 0) -> 0.11058335 | AA82: =IFERROR( AVERAGEIFS(N:N, C:C, ">=" & X82, C:C, "<=" & Y82), 0) -> 0.10264546 | AB82: =IF(AA82=0,0,(AB82-AA82)/AA82) -> 0
A83: SP082 | B83: Instagram | C83: 45530 | D83: Text | E83: Your weekend playlist is waiting. | F83: 2102 | G83: 181 | H83: 306 | I83: 43650 | J83: 50079 | K83: 182 | L83: #DiscoverWeekly | N83: =(F83+G83+H83)/I83 -> 0.059312715 | O83: =RANK(N83,$N:$N,0) -> 226 | P83: =F83+G83+H83 -> 2589 | Q83: =IF(AND(--$C83>=--Campaign_Metadata_clean!$B$2,--$C83<=--Campaign_Metadata_clean!$C$2),"SummerBeats", IF(AND(--$C83>=--Campaign_Metadata_clean!$B$3,--$C83<=--Campaign_Metadata_clean!$C$3),"Wrapped2024", IF(AND(--$C83>=--Campaign_Metadata_clean!$B$4,--$C83<=--Campaign_Metadata_clean!$C$4),"ChillVibes", IF(AND(--$C83>=--Campaign_Metadata_clean!$B$5,--$C83<=--Campaign_Metadata_clean!$C$5),"IndieWave","No Campaign")))) -> No Campaign | R83: =IF(AND(C83>=DATE(2025,1,10), C83<=DATE(2025,2,10)), "During", IF(C83<DATE(2025,1,10), "Before", "Other")) -> Before | S83: =IF(OR(X83="",Y83=""),"", IF(AND(C83>=X83-30,C83<X83),"Before", IF(AND(C83>=X83,C83<=Y83),"During","Other"))) | X83: =IFERROR( _xlfn.XLOOKUP(Q83, Campaign_Metadata_clean!A:A, Campaign_Metadata_clean!B:B), "") | Y83: =IFERROR( _xlfn.XLOOKUP(Q83, Campaign_Metadata_clean!A:A, Campaign_Metadata_clean!C:C), "") | Z83: =IFERROR( AVERAGEIFS(N:N, C:C, ">=" & X83-30, C:C, "<" & X83), 0) -> 0 | AA83: =IFERROR( AVERAGEIFS(N:N, C:C, ">=" & X83, C:C, "<=" & Y83), 0) -> 0 | AB83: =IF(AA83=0,0,(AB83-AA83)/AA83) -> 0
A84: SP083 | B84: Twitter | C84: 45660 | D84: Story | E84: Get into the groove with our new drop! | F84: 4845 | G84: 158 | H84: 84 | I84: 34578 | J84: 51480 | K84: 180 | L84: #SoundtrackOfLife | M84: #NowPlaying | N84: =(F84+G84+H84)/I84 -> 0.14711666 | O84: =RANK(N84,$N:$N,0) -> 38 | P84: =F84+G84+H84 -> 5087 | Q84: =IF(AND(--$C84>=--Campaign_Metadata_clean!$B$2,--$C84<=--Campaign_Metadata_clean!$C$2),"SummerBeats", IF(AND(--$C84>=--Campaign_Metadata_clean!$B$3,--$C84<=--Campaign_Metadata_clean!$C$3),"Wrapped2024", IF(AND(--$C84>=--Campaign_Metadata_clean!$B$4,--$C84<=--Campaign_Metadata_clean!$C$4),"ChillVibes", IF(AND(--$C84>=--Campaign_Metadata_clean!$B$5,--$C84<=--Campaign_Metadata_clean!$C$5),"IndieWave","No Campaign")))) -> No Campaign | R84: =IF(AND(C84>=DATE(2025,1,10), C84<=DATE(2025,2,10)), "During", IF(C84<DATE(2025,1,10), "Before", "Other")) -> Before | S84: =IF(OR(X84="",Y84=""),"", IF(AND(C84>=X84-30,C84<X84),"Before", IF(AND(C84>=X84,C84<=Y84),"During","Other"))) | X84: =IFERROR( _xlfn.XLOOKUP(Q84, Campaign_Metadata_clean!A:A, Campaign_Metadata_clean!B:B), "") | Y84: =IFERROR( _xlfn.XLOOKUP(Q84, Campaign_Metadata_clean!A:A, Campaign_Metadata_clean!C:C), "") | Z84: =IFERROR( AVERAGEIFS(N:N, C:C, ">=" & X84-30, C:C, "<" & X84), 0) -> 0 | AA84: =IFERROR( AVERAGEIFS(N:N, C:C, ">=" & X84, C:C, "<=" & Y84), 0) -> 0 | AB84: =IF(AA84=0,0,(AB84-AA84)/AA84) -> 0
A85: SP084 | B85: Twitter | C85: 45507 | D85: Text | E85: Your weekend playlist is waiting. | F85: 4247 | G85: 390 | H85: 213 | I85: 29785 | J85: 57768 | K85: 122 | L85: #NowPlaying | N85: =(F85+G85+H85)/I85 -> 0.16283364 | O85: =RANK(N85,$N:$N,0) -> 24 | P85: =F85+G85+H85 -> 4850 | Q85: =IF(AND(--$C85>=--Campaign_Metadata_clean!$B$2,--$C85<=--Campaign_Metadata_clean!$C$2),"SummerBeats", IF(AND(--$C85>=--Campaign_Metadata_clean!$B$3,--$C85<=--Campaign_Metadata_clean!$C$3),"Wrapped2024", IF(AND(--$C85>=--Campaign_Metadata_clean!$B$4,--$C85<=--Campaign_Metadata_clean!$C$4),"ChillVibes", IF(AND(--$C85>=--Campaign_Metadata_clean!$B$5,--$C85<=--Campaign_Metadata_clean!$C$5),"IndieWave","No Campaign")))) -> No Campaign | R85: =IF(AND(C85>=DATE(2025,1,10), C85<=DATE(2025,2,10)), "During", IF(C85<DATE(2025,1,10), "Before", "Other")) -> Before | S85: =IF(OR(X85="",Y85=""),"", IF(AND(C85>=X85-30,C85<X85),"Before", IF(AND(C85>=X85,C85<=Y85),"During","Other"))) | X85: =IFERROR( _xlfn.XLOOKUP(Q85, Campaign_Metadata_clean!A:A, Campaign_Metadata_clean!B:B), "") | Y85: =IFERROR( _xlfn.XLOOKUP(Q85, Campaign_Metadata_clean!A:A, Campaign_Metadata_clean!C:C), "") | Z85: =IFERROR( AVERAGEIFS(N:N, C:C, ">=" & X85-30, C:C, "<" & X85), 0) -> 0 | AA85: =IFERROR( AVERAGEIFS(N:N, C:C, ">=" & X85, C:C, "<=" & Y85), 0) -> 0 | AB85: =IF(AA85=0,0,(AB85-AA85)/AA85) -> 0
A86: SP085 | B86: Instagram | C86: 45522 | D86: Text | E86: Explore the latest podcasts now. | F86: 2965 | G86: 328 | H86: 171 | I86: 57685 | J86: 67536 | K86: 264 | L86: #SoundtrackOfLife | M86: #NowPlaying | N86: =(F86+G86+H86)/I86 -> 0.060050273 | O86: =RANK(N86,$N:$N,0) -> 223 | P86: =F86+G86+H86 -> 3464 | Q86: =IF(AND(--$C86>=--Campaign_Metadata_clean!$B$2,--$C86<=--Campaign_Metadata_clean!$C$2),"SummerBeats", IF(AND(--$C86>=--Campaign_Metadata_clean!$B$3,--$C86<=--Campaign_Metadata_clean!$C$3),"Wrapped2024", IF(AND(--$C86>=--Campaign_Metadata_clean!$B$4,--$C86<=--Campaign_Metadata_clean!$C$4),"ChillVibes", IF(AND(--$C86>=--Campaign_Metadata_clean!$B$5,--$C86<=--Campaign_Metadata_clean!$C$5),"IndieWave","No Campaign")))) -> No Campaign | R86: =IF(AND(C86>=DATE(2025,1,10), C86<=DATE(2025,2,10)), "During", IF(C86<DATE(2025,1,10), "Before", "Other")) -> Before | S86: =IF(OR(X86="",Y86=""),"", IF(AND(C86>=X86-30,C86<X86),"Before", IF(AND(C86>=X86,C86<=Y86),"During","Other"))) | X86: =IFERROR( _xlfn.XLOOKUP(Q86, Campaign_Metadata_clean!A:A, Campaign_Metadata_clean!B:B), "") | Y86: =IFERROR( _xlfn.XLOOKUP(Q86, Campaign_Metadata_clean!A:A, Campaign_Metadata_clean!C:C), "") | Z86: =IFERROR( AVERAGEIFS(N:N, C:C, ">=" & X86-30, C:C, "<" & X86), 0) -> 0 | AA86: =IFERROR( AVERAGEIFS(N:N, C:C, ">=" & X86, C:C, "<=" & Y86), 0) -> 0 | AB86: =IF(AA86=0,0,(AB86-AA86)/AA86) -> 0
A87: SP086 | B87: Twitter | C87: 45791 | D87: Story | E87: Wrapped is here! Relive your top tracks | F87: 1371 | G87: 139 | H87: 96 | I87: 36140 | J87: 39395 | K87: 169 | L87: #SoundtrackOfLife | M87: #NowPlaying | N87: =(F87+G87+H87)/I87 -> 0.044438296 | O87: =RANK(N87,$N:$N,0) -> 267 | P87: =F87+G87+H87 -> 1606 | Q87: =IF(AND(--$C87>=--Campaign_Metadata_clean!$B$2,--$C87<=--Campaign_Metadata_clean!$C$2),"SummerBeats", IF(AND(--$C87>=--Campaign_Metadata_clean!$B$3,--$C87<=--Campaign_Metadata_clean!$C$3),"Wrapped2024", IF(AND(--$C87>=--Campaign_Metadata_clean!$B$4,--$C87<=--Campaign_Metadata_clean!$C$4),"ChillVibes", IF(AND(--$C87>=--Campaign_Metadata_clean!$B$5,--$C87<=--Campaign_Metadata_clean!$C$5),"IndieWave","No Campaign")))) -> No Campaign | R87: =IF(AND(C87>=DATE(2025,1,10), C87<=DATE(2025,2,10)), "During", IF(C87<DATE(2025,1,10), "Before", "Other")) -> Other | S87: =IF(OR(X87="",Y87=""),"", IF(AND(C87>=X87-30,C87<X87),"Before", IF(AND(C87>=X87,C87<=Y87),"During","Other"))) | X87: =IFERROR( _xlfn.XLOOKUP(Q87, Campaign_Metadata_clean!A:A, Campaign_Metadata_clean!B:B), "") | Y87: =IFERROR( _xlfn.XLOOKUP(Q87, Campaign_Metadata_clean!A:A, Campaign_Metadata_clean!C:C), "") | Z87: =IFERROR( AVERAGEIFS(N:N, C:C, ">=" & X87-30, C:C, "<" & X87), 0) -> 0 | AA87: =IFERROR( AVERAGEIFS(N:N, C:C, ">=" & X87, C:C, "<=" & Y87), 0) -> 0 | AB87: =IF(AA87=0,0,(AB87-AA87)/AA87) -> 0
A88: SP087 | B88: Twitter | C88: 45405 | D88: Story | E88: Discover fresh beats on Spotify! | F88: 2683 | G88: 496 | H88: 89 | I88: 53435 | J88: 30334 | K88: 160 | L88: #SoundtrackOfLife | M88: #NowPlaying | N88: =(F88+G88+H88)/I88 -> 0.061158417 | O88: =RANK(N88,$N:$N,0) -> 220 | P88: =F88+G88+H88 -> 3268 | Q88: =IF(AND(--$C88>=--Campaign_Metadata_clean!$B$2,--$C88<=--Campaign_Metadata_clean!$C$2),"SummerBeats", IF(AND(--$C88>=--Campaign_Metadata_clean!$B$3,--$C88<=--Campaign_Metadata_clean!$C$3),"Wrapped2024", IF(AND(--$C88>=--Campaign_Metadata_clean!$B$4,--$C88<=--Campaign_Metadata_clean!$C$4),"ChillVibes", IF(AND(--$C88>=--Campaign_Metadata_clean!$B$5,--$C88<=--Campaign_Metadata_clean!$C$5),"IndieWave","No Campaign")))) -> No Campaign | R88: =IF(AND(C88>=DATE(2025,1,10), C88<=DATE(2025,2,10)), "During", IF(C88<DATE(2025,1,10), "Before", "Other")) -> Before | S88: =IF(OR(X88="",Y88=""),"", IF(AND(C88>=X88-30,C88<X88),"Before", IF(AND(C88>=X88,C88<=Y88),"During","Other"))) | X88: =IFERROR( _xlfn.XLOOKUP(Q88, Campaign_Metadata_clean!A:A, Campaign_Metadata_clean!B:B), "") | Y88: =IFERROR( _xlfn.XLOOKUP(Q88, Campaign_Metadata_clean!A:A, Campaign_Metadata_clean!C:C), "") | Z88: =IFERROR( AVERAGEIFS(N:N, C:C, ">=" & X88-30, C:C, "<" & X88), 0) -> 0 | AA88: =IFERROR( AVERAGEIFS(N:N, C:C, ">=" & X88, C:C, "<=" & Y88), 0) -> 0 | AB88: =IF(AA88=0,0,(AB88-AA88)/AA88) -> 0
A89: SP088 | B89: Twitter | C89: 45705 | D89: Story | E89: What's your vibe today? #SpotifyHits | F89: 4796 | G89: 427 | H89: 339 | I89: 30752 | J89: 33870 | K89: 298 | L89: #SoundtrackOfLife | M89: #NowPlaying | N89: =(F89+G89+H89)/I89 -> 0.18086629 | O89: =RANK(N89,$N:$N,0) -> 11 | P89: =F89+G89+H89 -> 5562 | Q89: =IF(AND(--$C89>=--Campaign_Metadata_clean!$B$2,--$C89<=--Campaign_Metadata_clean!$C$2),"SummerBeats", IF(AND(--$C89>=--Campaign_Metadata_clean!$B$3,--$C89<=--Campaign_Metadata_clean!$C$3),"Wrapped2024", IF(AND(--$C89>=--Campaign_Metadata_clean!$B$4,--$C89<=--Campaign_Metadata_clean!$C$4),"ChillVibes", IF(AND(--$C89>=--Campaign_Metadata_clean!$B$5,--$C89<=--Campaign_Metadata_clean!$C$5),"IndieWave","No Campaign")))) -> No Campaign | R89: =IF(AND(C89>=DATE(2025,1,10), C89<=DATE(2025,2,10)), "During", IF(C89<DATE(2025,1,10), "Before", "Other")) -> Other | S89: =IF(OR(X89="",Y89=""),"", IF(AND(C89>=X89-30,C89<X89),"Before", IF(AND(C89>=X89,C89<=Y89),"During","Other"))) | X89: =IFERROR( _xlfn.XLOOKUP(Q89, Campaign_Metadata_clean!A:A, Campaign_Metadata_clean!B:B), "") | Y89: =IFERROR( _xlfn.XLOOKUP(Q89, Campaign_Metadata_clean!A:A, Campaign_Metadata_clean!C:C), "") | Z89: =IFERROR( AVERAGEIFS(N:N, C:C, ">=" & X89-30, C:C, "<" & X89), 0) -> 0 | AA89: =IFERROR( AVERAGEIFS(N:N, C:C, ">=" & X89, C:C, "<=" & Y89), 0) -> 0 | AB89: =IF(AA89=0,0,(AB89-AA89)/AA89) -> 0
A90: SP089 | B90: Instagram | C90: 45630 | D90: Text | E90: Wrapped is here! Relive your top tracks | F90: 2601 | G90: 336 | H90: 260 | I90: 32368 | J90: 49028 | K90: 120 | L90: #SoundtrackOfLife | M90: #NowPlaying | N90: =(F90+G90+H90)/I90 -> 0.098770391 | O90: =RANK(N90,$N:$N,0) -> 109 | P90: =F90+G90+H90 -> 3197 | Q90: =IF(AND(--$C90>=--Campaign_Metadata_clean!$B$2,--$C90<=--Campaign_Metadata_clean!$C$2),"SummerBeats", IF(AND(--$C90>=--Campaign_Metadata_clean!$B$3,--$C90<=--Campaign_Metadata_clean!$C$3),"Wrapped2024", IF(AND(--$C90>=--Campaign_Metadata_clean!$B$4,--$C90<=--Campaign_Metadata_clean!$C$4),"ChillVibes", IF(AND(--$C90>=--Campaign_Metadata_clean!$B$5,--$C90<=--Campaign_Metadata_clean!$C$5),"IndieWave","No Campaign")))) -> Wrapped2024 | R90: =IF(AND(C90>=DATE(2025,1,10), C90<=DATE(2025,2,10)), "During", IF(C90<DATE(2025,1,10), "Before", "Other")) -> Before | S90: =IF(OR(X90="",Y90=""),"", IF(AND(C90>=X90-30,C90<X90),"Before", IF(AND(C90>=X90,C90<=Y90),"During","Other"))) -> During | X90: =IFERROR( _xlfn.XLOOKUP(Q90, Campaign_Metadata_clean!A:A, Campaign_Metadata_clean!B:B), "") -> 45627 | Y90: =IFERROR( _xlfn.XLOOKUP(Q90, Campaign_Metadata_clean!A:A, Campaign_Metadata_clean!C:C), "") -> 45657 | Z90: =IFERROR( AVERAGEIFS(N:N, C:C, ">=" & X90-30, C:C, "<" & X90), 0) -> 0.092680819 | AA90: =IFERROR( AVERAGEIFS(N:N, C:C, ">=" & X90, C:C, "<=" & Y90), 0) -> 0.099294725 | AB90: =IF(AA90=0,0,(AB90-AA90)/AA90) -> 0
A91: SP090 | B91: Twitter | C91: 45495 | D91: Story | E91: Wrapped is here! Relive your top tracks | F91: 3336 | G91: 229 | H91: 337 | I91: 22117 | J91: 26205 | K91: 160 | L91: #MusicForEveryone | M91: #NowPlaying | N91: =(F91+G91+H91)/I91 -> 0.17642537 | O91: =RANK(N91,$N:$N,0) -> 15 | P91: =F91+G91+H91 -> 3902 | Q91: =IF(AND(--$C91>=--Campaign_Metadata_clean!$B$2,--$C91<=--Campaign_Metadata_clean!$C$2),"SummerBeats", IF(AND(--$C91>=--Campaign_Metadata_clean!$B$3,--$C91<=--Campaign_Metadata_clean!$C$3),"Wrapped2024", IF(AND(--$C91>=--Campaign_Metadata_clean!$B$4,--$C91<=--Campaign_Metadata_clean!$C$4),"ChillVibes", IF(AND(--$C91>=--Campaign_Metadata_clean!$B$5,--$C91<=--Campaign_Metadata_clean!$C$5),"IndieWave","No Campaign")))) -> No Campaign | R91: =IF(AND(C91>=DATE(2025,1,10), C91<=DATE(2025,2,10)), "During", IF(C91<DATE(2025,1,10), "Before", "Other")) -> Before | S91: =IF(OR(X91="",Y91=""),"", IF(AND(C91>=X91-30,C91<X91),"Before", IF(AND(C91>=X91,C91<=Y91),"During","Other"))) | X91: =IFERROR( _xlfn.XLOOKUP(Q91, Campaign_Metadata_clean!A:A, Campaign_Metadata_clean!B:B), "") | Y91: =IFERROR( _xlfn.XLOOKUP(Q91, Campaign_Metadata_clean!A:A, Campaign_Metadata_clean!C:C), "") | Z91: =IFERROR( AVERAGEIFS(N:N, C:C, ">=" & X91-30, C:C, "<" & X91), 0) -> 0 | AA91: =IFERROR( AVERAGEIFS(N:N, C:C, ">=" & X91, C:C, "<=" & Y91), 0) -> 0 | AB91: =IF(AA91=0,0,(AB91-AA91)/AA91) -> 0
A92: SP091 | B92: Twitter | C92: 45774 | D92: Text | E92: Explore the latest podcasts now. | F92: 1165 | G92: 294 | H92: 163 | I92: 20659 | J92: 45926 | K92: 111 | L92: #SoundtrackOfLife | N92: =(F92+G92+H92)/I92 -> 0.078512997 | O92: =RANK(N92,$N:$N,0) -> 182 | P92: =F92+G92+H92 -> 1622 | Q92: =IF(AND(--$C92>=--Campaign_Metadata_clean!$B$2,--$C92<=--Campaign_Metadata_clean!$C$2),"SummerBeats", IF(AND(--$C92>=--Campaign_Metadata_clean!$B$3,--$C92<=--Campaign_Metadata_clean!$C$3),"Wrapped2024", IF(AND(--$C92>=--Campaign_Metadata_clean!$B$4,--$C92<=--Campaign_Metadata_clean!$C$4),"ChillVibes", IF(AND(--$C92>=--Campaign_Metadata_clean!$B$5,--$C92<=--Campaign_Metadata_clean!$C$5),"IndieWave","No Campaign")))) -> No Campaign | R92: =IF(AND(C92>=DATE(2025,1,10), C92<=DATE(2025,2,10)), "During", IF(C92<DATE(2025,1,10), "Before", "Other")) -> Other | S92: =IF(OR(X92="",Y92=""),"", IF(AND(C92>=X92-30,C92<X92),"Before", IF(AND(C92>=X92,C92<=Y92),"During","Other"))) | X92: =IFERROR( _xlfn.XLOOKUP(Q92, Campaign_Metadata_clean!A:A, Campaign_Metadata_clean!B:B), "") | Y92: =IFERROR( _xlfn.XLOOKUP(Q92, Campaign_Metadata_clean!A:A, Campaign_Metadata_clean!C:C), "") | Z92: =IFERROR( AVERAGEIFS(N:N, C:C, ">=" & X92-30, C:C, "<" & X92), 0) -> 0 | AA92: =IFERROR( AVERAGEIFS(N:N, C:C, ">=" & X92, C:C, "<=" & Y92), 0) -> 0 | AB92: =IF(AA92=0,0,(AB92-AA92)/AA92) -> 0
A93: SP092 | B93: YouTube | C93: 45376 | D93: Reel | E93: Explore the latest podcasts now. | F93: 1948 | G93: 155 | H93: 315 | I93: 30321 | J93: 57121 | K93: 82 | L93: #DiscoverWeekly | M93: #SoundtrackOfLife | N93: =(F93+G93+H93)/I93 -> 0.07974671 | O93: =RANK(N93,$N:$N,0) -> 181 | P93: =F93+G93+H93 -> 2418 | Q93: =IF(AND(--$C93>=--Campaign_Metadata_clean!$B$2,--$C93<=--Campaign_Metadata_clean!$C$2),"SummerBeats", IF(AND(--$C93>=--Campaign_Metadata_clean!$B$3,--$C93<=--Campaign_Metadata_clean!$C$3),"Wrapped2024", IF(AND(--$C93>=--Campaign_Metadata_clean!$B$4,--$C93<=--Campaign_Metadata_clean!$C$4),"ChillVibes", IF(AND(--$C93>=--Campaign_Metadata_clean!$B$5,--$C93<=--Campaign_Metadata_clean!$C$5),"IndieWave","No Campaign")))) -> No Campaign | R93: =IF(AND(C93>=DATE(2025,1,10), C93<=DATE(2025,2,10)), "During", IF(C93<DATE(2025,1,10), "Before", "Other")) -> Before | S93: =IF(OR(X93="",Y93=""),"", IF(AND(C93>=X93-30,C93<X93),"Before", IF(AND(C93>=X93,C93<=Y93),"During","Other"))) | X93: =IFERROR( _xlfn.XLOOKUP(Q93, Campaign_Metadata_clean!A:A, Campaign_Metadata_clean!B:B), "") | Y93: =IFERROR( _xlfn.XLOOKUP(Q93, Campaign_Metadata_clean!A:A, Campaign_Metadata_clean!C:C), "") | Z93: =IFERROR( AVERAGEIFS(N:N, C:C, ">=" & X93-30, C:C, "<" & X93), 0) -> 0 | AA93: =IFERROR( AVERAGEIFS(N:N, C:C, ">=" & X93, C:C, "<=" & Y93), 0) -> 0 | AB93: =IF(AA93=0,0,(AB93-AA93)/AA93) -> 0
A94: SP093 | B94: Instagram | C94: 45351 | D94: Text | E94: From pop to podcasts, it's all here. | F94: 1100 | G94: 229 | H94: 312 | I94: 25641 | J94: 34601 | K94: 169 | L94: #DiscoverWeekly | N94: =(F94+G94+H94)/I94 -> 0.063999064 | O94: =RANK(N94,$N:$N,0) -> 214 | P94: =F94+G94+H94 -> 1641 | Q94: =IF(AND(--$C94>=--Campaign_Metadata_clean!$B$2,--$C94<=--Campaign_Metadata_clean!$C$2),"SummerBeats", IF(AND(--$C94>=--Campaign_Metadata_clean!$B$3,--$C94<=--Campaign_Metadata_clean!$C$3),"Wrapped2024", IF(AND(--$C94>=--Campaign_Metadata_clean!$B$4,--$C94<=--Campaign_Metadata_clean!$C$4),"ChillVibes", IF(AND(--$C94>=--Campaign_Metadata_clean!$B$5,--$C94<=--Campaign_Metadata_clean!$C$5),"IndieWave","No Campaign")))) -> No Campaign | R94: =IF(AND(C94>=DATE(2025,1,10), C94<=DATE(2025,2,10)), "During", IF(C94<DATE(2025,1,10), "Before", "Other")) -> Before | S94: =IF(OR(X94="",Y94=""),"", IF(AND(C94>=X94-30,C94<X94),"Before", IF(AND(C94>=X94,C94<=Y94),"During","Other"))) | X94: =IFERROR( _xlfn.XLOOKUP(Q94, Campaign_Metadata_clean!A:A, Campaign_Metadata_clean!B:B), "") | Y94: =IFERROR( _xlfn.XLOOKUP(Q94, Campaign_Metadata_clean!A:A, Campaign_Metadata_clean!C:C), "") | Z94: =IFERROR( AVERAGEIFS(N:N, C:C, ">=" & X94-30, C:C, "<" & X94), 0) -> 0 | AA94: =IFERROR( AVERAGEIFS(N:N, C:C, ">=" & X94, C:C, "<=" & Y94), 0) -> 0 | AB94: =IF(AA94=0,0,(AB94-AA94)/AA94) -> 0
A95: SP094 | B95: Twitter | C95: 45609 | D95: Story | E95: Top trending tracks updated daily! | F95: 4628 | G95: 257 | H95: 397 | I95: 36686 | J95: 54683 | K95: 98 | L95: #SoundtrackOfLife | M95: #NowPlaying | N95: =(F95+G95+H95)/I95 -> 0.14397863 | O95: =RANK(N95,$N:$N,0) -> 43 | P95: =F95+G95+H95 -> 5282 | Q95: =IF(AND(--$C95>=--Campaign_Metadata_clean!$B$2,--$C95<=--Campaign_Metadata_clean!$C$2),"SummerBeats", IF(AND(--$C95>=--Campaign_Metadata_clean!$B$3,--$C95<=--Campaign_Metadata_clean!$C$3),"Wrapped2024", IF(AND(--$C95>=--Campaign_Metadata_clean!$B$4,--$C95<=--Campaign_Metadata_clean!$C$4),"ChillVibes", IF(AND(--$C95>=--Campaign_Metadata_clean!$B$5,--$C95<=--Campaign_Metadata_clean!$C$5),"IndieWave","No Campaign")))) -> No Campaign | R95: =IF(AND(C95>=DATE(2025,1,10), C95<=DATE(2025,2,10)), "During", IF(C95<DATE(2025,1,10), "Before", "Other")) -> Before | S95: =IF(OR(X95="",Y95=""),"", IF(AND(C95>=X95-30,C95<X95),"Before", IF(AND(C95>=X95,C95<=Y95),"During","Other"))) | X95: =IFERROR( _xlfn.XLOOKUP(Q95, Campaign_Metadata_clean!A:A, Campaign_Metadata_clean!B:B), "") | Y95: =IFERROR( _xlfn.XLOOKUP(Q95, Campaign_Metadata_clean!A:A, Campaign_Metadata_clean!C:C), "") | Z95: =IFERROR( AVERAGEIFS(N:N, C:C, ">=" & X95-30, C:C, "<" & X95), 0) -> 0 | AA95: =IFERROR( AVERAGEIFS(N:N, C:C, ">=" & X95, C:C, "<=" & Y95), 0) -> 0 | AB95: =IF(AA95=0,0,(AB95-AA95)/AA95) -> 0
A96: SP095 | B96: Instagram | C96: 45373 | D96: Story | E96: Discover fresh beats on Spotify! | F96: 2319 | G96: 484 | H96: 193 | I96: 21202 | J96: 18091 | K96: 241 | L96: #NowPlaying | N96: =(F96+G96+H96)/I96 -> 0.14130742 | O96: =RANK(N96,$N:$N,0) -> 45 | P96: =F96+G96+H96 -> 2996 | Q96: =IF(AND(--$C96>=--Campaign_Metadata_clean!$B$2,--$C96<=--Campaign_Metadata_clean!$C$2),"SummerBeats", IF(AND(--$C96>=--Campaign_Metadata_clean!$B$3,--$C96<=--Campaign_Metadata_clean!$C$3),"Wrapped2024", IF(AND(--$C96>=--Campaign_Metadata_clean!$B$4,--$C96<=--Campaign_Metadata_clean!$C$4),"ChillVibes", IF(AND(--$C96>=--Campaign_Metadata_clean!$B$5,--$C96<=--Campaign_Metadata_clean!$C$5),"IndieWave","No Campaign")))) -> No Campaign | R96: =IF(AND(C96>=DATE(2025,1,10), C96<=DATE(2025,2,10)), "During", IF(C96<DATE(2025,1,10), "Before", "Other")) -> Before | S96: =IF(OR(X96="",Y96=""),"", IF(AND(C96>=X96-30,C96<X96),"Before", IF(AND(C96>=X96,C96<=Y96),"During","Other"))) | X96: =IFERROR( _xlfn.XLOOKUP(Q96, Campaign_Metadata_clean!A:A, Campaign_Metadata_clean!B:B), "") | Y96: =IFERROR( _xlfn.XLOOKUP(Q96, Campaign_Metadata_clean!A:A, Campaign_Metadata_clean!C:C), "") | Z96: =IFERROR( AVERAGEIFS(N:N, C:C, ">=" & X96-30, C:C, "<" & X96), 0) -> 0 | AA96: =IFERROR( AVERAGEIFS(N:N, C:C, ">=" & X96, C:C, "<=" & Y96), 0) -> 0 | AB96: =IF(AA96=0,0,(AB96-AA96)/AA96) -> 0
A97: SP096 | B97: Twitter | C97: 45367 | D97: Story | E97: Wrapped is here! Relive your top tracks | F97: 2895 | G97: 292 | H97: 90 | I97: 24223 | J97: 54626 | K97: 114 | L97: #SoundtrackOfLife | M97: #NowPlaying | N97: =(F97+G97+H97)/I97 -> 0.13528465 | O97: =RANK(N97,$N:$N,0) -> 50 | P97: =F97+G97+H97 -> 3277 | Q97: =IF(AND(--$C97>=--Campaign_Metadata_clean!$B$2,--$C97<=--Campaign_Metadata_clean!$C$2),"SummerBeats", IF(AND(--$C97>=--Campaign_Metadata_clean!$B$3,--$C97<=--Campaign_Metadata_clean!$C$3),"Wrapped2024", IF(AND(--$C97>=--Campaign_Metadata_clean!$B$4,--$C97<=--Campaign_Metadata_clean!$C$4),"ChillVibes", IF(AND(--$C97>=--Campaign_Metadata_clean!$B$5,--$C97<=--Campaign_Metadata_clean!$C$5),"IndieWave","No Campaign")))) -> No Campaign | R97: =IF(AND(C97>=DATE(2025,1,10), C97<=DATE(2025,2,10)), "During", IF(C97<DATE(2025,1,10), "Before", "Other")) -> Before | S97: =IF(OR(X97="",Y97=""),"", IF(AND(C97>=X97-30,C97<X97),"Before", IF(AND(C97>=X97,C97<=Y97),"During","Other"))) | X97: =IFERROR( _xlfn.XLOOKUP(Q97, Campaign_Metadata_clean!A:A, Campaign_Metadata_clean!B:B), "") | Y97: =IFERROR( _xlfn.XLOOKUP(Q97, Campaign_Metadata_clean!A:A, Campaign_Metadata_clean!C:C), "") | Z97: =IFERROR( AVERAGEIFS(N:N, C:C, ">=" & X97-30, C:C, "<" & X97), 0) -> 0 | AA97: =IFERROR( AVERAGEIFS(N:N, C:C, ">=" & X97, C:C, "<=" & Y97), 0) -> 0 | AB97: =IF(AA97=0,0,(AB97-AA97)/AA97) -> 0
A98: SP097 | B98: Instagram | C98: 45317 | D98: Text | E98: What's your vibe today? #SpotifyHits | F98: 3878 | G98: 431 | H98: 97 | I98: 41763 | J98: 29729 | K98: 191 | L98: #DiscoverWeekly | N98: =(F98+G98+H98)/I98 -> 0.10550008 | O98: =RANK(N98,$N:$N,0) -> 96 | P98: =F98+G98+H98 -> 4406 | Q98: =IF(AND(--$C98>=--Campaign_Metadata_clean!$B$2,--$C98<=--Campaign_Metadata_clean!$C$2),"SummerBeats", IF(AND(--$C98>=--Campaign_Metadata_clean!$B$3,--$C98<=--Campaign_Metadata_clean!$C$3),"Wrapped2024", IF(AND(--$C98>=--Campaign_Metadata_clean!$B$4,--$C98<=--Campaign_Metadata_clean!$C$4),"ChillVibes", IF(AND(--$C98>=--Campaign_Metadata_clean!$B$5,--$C98<=--Campaign_Metadata_clean!$C$5),"IndieWave","No Campaign")))) -> No Campaign | R98: =IF(AND(C98>=DATE(2025,1,10), C98<=DATE(2025,2,10)), "During", IF(C98<DATE(2025,1,10), "Before", "Other")) -> Before | S98: =IF(OR(X98="",Y98=""),"", IF(AND(C98>=X98-30,C98<X98),"Before", IF(AND(C98>=X98,C98<=Y98),"During","Other"))) | X98: =IFERROR( _xlfn.XLOOKUP(Q98, Campaign_Metadata_clean!A:A, Campaign_Metadata_clean!B:B), "") | Y98: =IFERROR( _xlfn.XLOOKUP(Q98, Campaign_Metadata_clean!A:A, Campaign_Metadata_clean!C:C), "") | Z98: =IFERROR( AVERAGEIFS(N:N, C:C, ">=" & X98-30, C:C, "<" & X98), 0) -> 0 | AA98: =IFERROR( AVERAGEIFS(N:N, C:C, ">=" & X98, C:C, "<=" & Y98), 0) -> 0 | AB98: =IF(AA98=0,0,(AB98-AA98)/AA98) -> 0
A99: SP098 | B99: Twitter | C99: 45366 | D99: Story | E99: Get into the groove with our new drop! | F99: 4969 | G99: 433 | H99: 237 | I99: 59552 | J99: 23885 | K99: 157 | L99: #DiscoverWeekly | M99: #MusicForEveryone | N99: =(F99+G99+H99)/I99 -> 0.094690355 | O99: =RANK(N99,$N:$N,0) -> 121 | P99: =F99+G99+H99 -> 5639 | Q99: =IF(AND(--$C99>=--Campaign_Metadata_clean!$B$2,--$C99<=--Campaign_Metadata_clean!$C$2),"SummerBeats", IF(AND(--$C99>=--Campaign_Metadata_clean!$B$3,--$C99<=--Campaign_Metadata_clean!$C$3),"Wrapped2024", IF(AND(--$C99>=--Campaign_Metadata_clean!$B$4,--$C99<=--Campaign_Metadata_clean!$C$4),"ChillVibes", IF(AND(--$C99>=--Campaign_Metadata_clean!$B$5,--$C99<=--Campaign_Metadata_clean!$C$5),"IndieWave","No Campaign")))) -> No Campaign | R99: =IF(AND(C99>=DATE(2025,1,10), C99<=DATE(2025,2,10)), "During", IF(C99<DATE(2025,1,10), "Before", "Other")) -> Before | S99: =IF(OR(X99="",Y99=""),"", IF(AND(C99>=X99-30,C99<X99),"Before", IF(AND(C99>=X99,C99<=Y99),"During","Other"))) | X99: =IFERROR( _xlfn.XLOOKUP(Q99, Campaign_Metadata_clean!A:A, Campaign_Metadata_clean!B:B), "") | Y99: =IFERROR( _xlfn.XLOOKUP(Q99, Campaign_Metadata_clean!A:A, Campaign_Metadata_clean!C:C), "") | Z99: =IFERROR( AVERAGEIFS(N:N, C:C, ">=" & X99-30, C:C, "<" & X99), 0) -> 0 | AA99: =IFERROR( AVERAGEIFS(N:N, C:C, ">=" & X99, C:C, "<=" & Y99), 0) -> 0 | AB99: =IF(AA99=0,0,(AB99-AA99)/AA99) -> 0
A100: SP099 | B100: Twitter | C100: 45580 | D100: Text | E100: Wrapped is here! Relive your top tracks | F100: 1984 | G100: 481 | H100: 356 | I100: 40681 | J100: 63111 | K100: 258 | L100: #NowPlaying | N100: =(F100+G100+H100)/I100 -> 0.069344411 | O100: =RANK(N100,$N:$N,0) -> 205 | P100: =F100+G100+H100 -> 2821 | Q100: =IF(AND(--$C100>=--Campaign_Metadata_clean!$B$2,--$C100<=--Campaign_Metadata_clean!$C$2),"SummerBeats", IF(AND(--$C100>=--Campaign_Metadata_clean!$B$3,--$C100<=--Campaign_Metadata_clean!$C$3),"Wrapped2024", IF(AND(--$C100>=--Campaign_Metadata_clean!$B$4,--$C100<=--Campaign_Metadata_clean!$C$4),"ChillVibes", IF(AND(--$C100>=--Campaign_Metadata_clean!$B$5,--$C100<=--Campaign_Metadata_clean!$C$5),"IndieWave","No Campaign")))) -> No Campaign | R100: =IF(AND(C100>=DATE(2025,1,10), C100<=DATE(2025,2,10)), "During", IF(C100<DATE(2025,1,10), "Before", "Other")) -> Before | S100: =IF(OR(X100="",Y100=""),"", IF(AND(C100>=X100-30,C100<X100),"Before", IF(AND(C100>=X100,C100<=Y100),"During","Other"))) | X100: =IFERROR( _xlfn.XLOOKUP(Q100, Campaign_Metadata_clean!A:A, Campaign_Metadata_clean!B:B), "") | Y100: =IFERROR( _xlfn.XLOOKUP(Q100, Campaign_Metadata_clean!A:A, Campaign_Metadata_clean!C:C), "") | Z100: =IFERROR( AVERAGEIFS(N:N, C:C, ">=" & X100-30, C:C, "<" & X100), 0) -> 0 | AA100: =IFERROR( AVERAGEIFS(N:N, C:C, ">=" & X100, C:C, "<=" & Y100), 0) -> 0 | AB100: =IF(AA100=0,0,(AB100-AA100)/AA100) -> 0
...

Sheet Engagement_Summary_clean
A1: Week_Start_Date | B1: Platform | C1: New_Followers | D1: Unfollows | E1: Total_Followers | F1: Engagement_Rate | G1: Ad_Spend | H1: Net_Increase | I1: Week_Number | J1: Column1
A2: 45656 | B2: Instagram | C2: 664 | D2: 251 | E2: 240598 | F2: 4.79 | G2: 10563 | H2: =C2-D2 -> 413 | I2: =YEAR(A2) & "-W" & TEXT(_xlfn.ISOWEEKNUM(A2),"00") -> 2024-W01 | L2: =CORREL(G2:G202, H2:H202) -> -0.01691599 | M2: =CORREL(G2:G201, H2:H201) -> -0.01691599
A3: 45656 | B3: Twitter | C3: 1490 | D3: 103 | E3: 373274 | F3: 4.8 | G3: 19949 | H3: =C3-D3 -> 1387 | I3: =YEAR(A3) & "-W" & TEXT(_xlfn.ISOWEEKNUM(A3),"00") -> 2024-W01 | L3: =CORREL(G3:G203, H3:H203) -> -0.022332808
A4: 45656 | B4: YouTube | C4: 601 | D4: 64 | E4: 123272 | F4: 4.07 | G4: 14273 | H4: =C4-D4 -> 537 | I4: =YEAR(A4) & "-W" & TEXT(_xlfn.ISOWEEKNUM(A4),"00") -> 2024-W01 | L4: =CORREL(G4:G204, H4:H204) -> -0.028010827
A5: 45446 | B5: Instagram | C5: 1402 | D5: 68 | E5: 124562 | F5: 9.92 | G5: 23125 | H5: =C5-D5 -> 1334 | I5: =YEAR(A5) & "-W" & TEXT(_xlfn.ISOWEEKNUM(A5),"00") -> 2024-W23 | L5: =CORREL(G5:G205, H5:H205) -> -0.029280466
A6: 45446 | B6: Twitter | C6: 995 | D6: 86 | E6: 227958 | F6: 8.05 | G6: 22788 | H6: =C6-D6 -> 909 | I6: =YEAR(A6) & "-W" & TEXT(_xlfn.ISOWEEKNUM(A6),"00") -> 2024-W23 | L6: =CORREL(G6:G206, H6:H206) -> -0.038798926
A7: 45446 | B7: YouTube | C7: 1472 | D7: 296 | E7: 370242 | F7: 7.72 | G7: 7810 | H7: =C7-D7 -> 1176 | I7: =YEAR(A7) & "-W" & TEXT(_xlfn.ISOWEEKNUM(A7),"00") -> 2024-W23 | L7: =CORREL(G7:G207, H7:H207) -> -0.040651645
A8: 45453 | B8: Instagram | C8: 1018 | D8: 90 | E8: 92474 | F8: 9.4 | G8: 11966 | H8: =C8-D8 -> 928 | I8: =YEAR(A8) & "-W" & TEXT(_xlfn.ISOWEEKNUM(A8),"00") -> 2024-W24 | L8: =CORREL(G8:G208, H8:H208) -> -0.033279215
A9: 45453 | B9: Twitter | C9: 1461 | D9: 64 | E9: 328902 | F9: 9.02 | G9: 26298 | H9: =C9-D9 -> 1397 | I9: =YEAR(A9) & "-W" & TEXT(_xlfn.ISOWEEKNUM(A9),"00") -> 2024-W24 | L9: =CORREL(G9:G209, H9:H209) -> -0.032033493
A10: 45453 | B10: YouTube | C10: 545 | D10: 93 | E10: 391621 | F10: 9.96 | G10: 22029 | H10: =C10-D10 -> 452 | I10: =YEAR(A10) & "-W" & TEXT(_xlfn.ISOWEEKNUM(A10),"00") -> 2024-W24 | L10: =CORREL(G10:G210, H10:H210) -> -0.048113806
A11: 45460 | B11: Instagram | C11: 881 | D11: 291 | E11: 95885 | F11: 5.29 | G11: 12391 | H11: =C11-D11 -> 590 | I11: =YEAR(A11) & "-W" & TEXT(_xlfn.ISOWEEKNUM(A11),"00") -> 2024-W25 | L11: =CORREL(G11:G211, H11:H211) -> -0.04300582
A12: 45460 | B12: Twitter | C12: 1414 | D12: 131 | E12: 245947 | F12: 8.3 | G12: 14477 | H12: =C12-D12 -> 1283 | I12: =YEAR(A12) & "-W" & TEXT(_xlfn.ISOWEEKNUM(A12),"00") -> 2024-W25 | L12: =CORREL(G12:G212, H12:H212) -> -0.045068289
A13: 45460 | B13: YouTube | C13: 1472 | D13: 170 | E13: 250428 | F13: 4.66 | G13: 25040 | H13: =C13-D13 -> 1302 | I13: =YEAR(A13) & "-W" & TEXT(_xlfn.ISOWEEKNUM(A13),"00") -> 2024-W25 | L13: =CORREL(G13:G213, H13:H213) -> -0.043430863
A14: 45467 | B14: Instagram | C14: 809 | D14: 197 | E14: 87186 | F14: 9.48 | G14: 22619 | H14: =C14-D14 -> 612 | I14: =YEAR(A14) & "-W" & TEXT(_xlfn.ISOWEEKNUM(A14),"00") -> 2024-W26 | L14: =CORREL(G14:G214, H14:H214) -> -0.055871363
... A201: 45908 | B201: Twitter | C201: 860 | D201: 244 | E201: 348686 | F201: 5.12 | G201: 11418 | H201: =C201-D201 -> 616 | I201: =YEAR(A201) & "-W" & TEXT(_xlfn.ISOWEEKNUM(A201),"00") -> 2025-W37 | L201: =CORREL(G201:G401, H201:H401) -> #DIV/0!

Sheet Campaign_Metadata_clean
A1: Campaign_Name | B1: Start_Date | C1: End_Date | D1: Objective | E1: Total_Budget | F1: Target_Platforms | G1: Hashtag_1 | H1: Hashtag_2
A2: SummerBeats | B2: 45458 | C2: 45488 | D2: Brand Awareness | E2: 175000 | F2: Instagram,YouTube | G2: #SpotifyWrapped | H2: #MusicForEveryone
A3: Wrapped2024 | B3: 45627 | C3: 45657 | D3: Engagement | E3: 225000 | F3: Twitter,YouTube | G3: #SpotifyWrapped | H3: #NowPlaying
A4: ChillVibes | B4: 45667 | C4: 45698 | D4: Product Launch | E4: 200000 | F4: Instagram,Twitter | G4: #ChillVibes | H4: #SoundtrackOfLife
A5: IndieWave | B5: 45717 | C5: 45747 | D5: Traffic | E5: 160000 | F5: Facebook,Instagram | G5: #DiscoverWeekly | H5: #IndieWave

Sheet Task1
A1: DATA CLEANING SUMMARY
A2: Task | B2: Status | C2: Before | D2: After
A3: Duplicate Removal | B3: ✓ Complete | C3: 300 | D3: 300
A4: Date Standardization | B4: ✓ Complete | C4: Mixed Format | D4: YYYY-MM-DD
A5: Platform Standardization | B5: ✓ Complete | C5: Mixed Case | D5: Title Case
A6: Numeric Formatting | B6: ✓ Complete | C6: Mixed Types | D6: Integer/Float
A7: Hashtag Splitting | B7: ✓ Complete | C7: 300 rows | D7: 483 rows

Sheet Task2
A1: TASK 2: ENGAGEMENT ANALYSIS
A2: 1. ENGAGEMENT RATE CALCULATION
A3: Formula : | B3: (Likes + Comments + Shares) / Impressions × 100
A6: 2. Engagement Rate by Platform:
A7: Platform | B7: Average of Engagement Rate% | C7: Count of Post Text | D7: Sum of Likes | E7: Sum of Comments | F7: Sum of Shares
A8: Instagram | B8: 0.09079483 | C8: 89 | D8: 251473 | E8: 20818 | F8: 29285
A9: Twitter | B9: 0.096034606 | C9: 148 | D9: 450295 | E9: 31577 | F9: 45498
A10: YouTube | B10: 0.088108119 | C10: 63 | D10: 195407 | E10: 14671 | F10: 18618
A11: Grand Total | B11: 0.092815577 | C11: 300 | D11: 897175 | E11: 67066 | F11: 93401
A14: 3. TOP 10 POSTS BY ENGAGEMENT RATE
A15: Rank | B15: Post ID | C15: Platform | D15: Content Type | E15: Engagement (%) | F15: Likes | G15: Comments | H15: Shares | I15: Impressions
A16: 1 | B16: SP007 | C16: Twitter | D16: Story | E16: 0.2606 | F16: 4674 | G16: 409 | H16: 327 | I16: 20756
A17: 2 | B17: SP106 | C17: Twitter | D17: Story | E17: 0.2319 | F17: 4619 | G17: 272 | H17: 57 | I17: 21334
A18: 3 | B18: SP186 | C18: Twitter | D18: Story | E18: 0.2297 | F18: 4618 | G18: 312 | H18: 254 | I18: 22571
A19: 4 | B19: SP279 | C19: Twitter | D19: Story | E19: 0.2045 | F19: 3507 | G19: 295 | H19: 371 | I19: 20410
A20: 5 | B20: SP050 | C20: Twitter | D20: Text | E20: 0.2024 | F20: 4401 | G20: 421 | H20: 216 | I20: 24890
A21: 6 | B21: SP022 | C21: Instagram | D21: Text | E21: 0.1955 | F21: 4896 | G21: 466 | H21: 233 | I21: 28621
A22: 7 | B22: SP157 | C22: YouTube | D22: Text | E22: 0.1939 | F22: 4425 | G22: 185 | H22: 162 | I22: 24610
A23: 8 | B23: SP248 | C23: YouTube | D23: Reel | E23: 0.1926 | F23: 4722 | G23: 310 | H23: 344 | I23: 27911
A24: 9 | B24: SP136 | C24: Twitter | D24: Text | E24: 0.1872 | F24: 3728 | G24: 271 | H24: 275 | I24: 22827
A25: 10 | B25: SP068 | C25: Twitter | D25: Text | E25: 0.1852 | F25: 3276 | G25: 421 | H25: 114 | I25: 20580
A27: Task 2 : PIVOT TABLE ANALYSIS
A28: PIVOT TABLE 1: Total Engagement by Content Type and Platform
A29: Content Type | B29: Platform | C29: Sum of Likes | D29: Sum of Shares | E29: Sum of Comments | F29: Count of Post ID
A30: Reel | B30: YouTube | C30: 89871 | D30: 9086 | E30: 6826 | F30: 29
A31: Story | B31: Instagram | C31: 61815 | D31: 7993 | E31: 5656 | F31: 23
B32: Twitter | C32: 272103 | D32: 26494 | E32: 18442 | F32: 87
A33: Text | B33: Instagram | C33: 189658 | D33: 21292 | E33: 15162 | F33: 66
B34: Twitter | C34: 178192 | D34: 19004 | E34: 13135 | F34: 61
B35: YouTube | C35: 105536 | D35: 9532 | E35: 7845 | F35: 34
A38: PIVOT TABLE 2: Average Clicks per Post by Hashtag
A39: Hashtag | B39: Total Posts | C39: Average of Engagement_Rate | D39: Average of Clicks | E39: Rank
A40: #SpotifyWrapped | B40: 34 | C40: 0.086403291 | D40: 208.47059 | E40: =RANK(D40,$D$40:$D$44,0) -> 1
A41: #DiscoverWeekly | B41: 130 | C41: 0.087606633 | D41: 197.16923 | E41: =RANK(D41,$D$40:$D$44,0) -> 2
A42: #SoundtrackOfLife | B42: 109 | C42: 0.09444867 | D42: 192.45872 | E42: =RANK(D42,$D$40:$D$44,0) -> 3
A43: #NowPlaying | B43: 143 | C43: 0.098567431 | D43: 186.72028 | E43: =RANK(D43,$D$40:$D$44,0) -> 4
A44: #MusicForEveryone | B44: 67 | C44: 0.089057449 | D44: 183.47761 | E44: =RANK(D44,$D$40:$D$44,0) -> 5
A45: Grand Total | B45: 483 | C45: 0.092512362 | D45: 191.9089
A49: Table 3 : TOP PERFORMING HASHTAGS (Ranked by Engagement)
A50: Hashtags | B50: Total Posts | C50: Average of Engagement_Rate | D50: Average of Clicks | E50: Rank
A51: #DiscoverWeekly | B51: 130 | C51: 0.087606633 | D51: 197.16923 | E51: =RANK(C51,$C$51:$C$55,0) -> 4
A52: #MusicForEveryone | B52: 67 | C52: 0.089057449 | D52: 183.47761 | E52: =RANK(C52,$C$51:$C$55,0) -> 3
A53: #NowPlaying | B53: 143 | C53: 0.098567431 | D53: 186.72028 | E53: =RANK(C53,$C$51:$C$55,0) -> 1
A54: #SoundtrackOfLife | B54: 109 | C54: 0.09444867 | D54: 192.45872 | E54: =RANK(C54,$C$51:$C$55,0) -> 2
A55: #SpotifyWrapped | B55: 34 | C55: 0.086403291 | D55: 208.47059 | E55: =RANK(C55,$C$51:$C$55,0) -> 5
A56: Grand Total | B56: 483 | C56: 0.092512362 | D56: 191.9089

Sheet Task3
A1: TASK 3: PLATFORM PERFORMANCE ANALYSIS
A3: 1. PLATFORM ENGAGEMENT RANKING
A5: Platform | B5: Average of Engagement_Rate | C5: Sum of Impressions | D5: Sum of Clicks | E5: Count of Post ID | F5: Sum of CTR(%)
A6: Instagram | B6: 0.09079483 | C6: 3553489 | D6: 17417 | E6: 89 | F6: 0.00490138
A7: Twitter | B7: 0.096034606 | C7: 6138949 | D7: 27534 | E7: 148 | F7: 0.0044851326
A8: YouTube | B8: 0.088108119 | C8: 2777994 | D8: 12645 | E8: 63 | F8: 0.0045518457
A9: Grand Total | B9: 0.092815577 | C9: 12470432 | D9: 57596 | E9: 300 | F9: 0.004618605
A12: 2. WEEKLY FOLLOWER GROWTH RATES BY PLATFORM
A14: Platform | B14: Sum of New Followers | C14: Sum of Unfollows | D14: Max of Total_Followers | E14: Net Gain | F14: Growth Rate
A15: Instagram | B15: 62938 | C15: 11900 | D15: 376358 | E15: 51038 | F15: 0.00326282
A16: Twitter | B16: 67378 | C16: 11834 | D16: 387352 | E16: 55544 | F16: 0.0038108769
A17: YouTube | B17: 66245 | C17: 11239 | D17: 397607 | E17: 55006 | F17: 0.0033778367
A18: Grand Total | B18: 196561 | C18: 34973 | D18: 397607 | E18: 161588 | F18: 0.0034748757
A22: 3. Ad Spend vs Engagement
A23: Platform | B23: Total Ad Spend ($) | C23: Average of Engagement_Rate | D23: Sum of New_Followers | E23: Cost per Follower ($) | F23: ROI (%)
A24: Instagram | B24: 1035942 | C24: 6.458209 | D24: 62938 | E24: 16.459722 | F24: 0.060754367
A25: Twitter | B25: 1114204 | C25: 6.8856716 | D25: 67378 | E25: 16.536614 | F25: 0.060471871
A26: YouTube | B26: 1065782 | C26: 6.7189394 | D26: 66245 | E26: 16.08849 | F26: 0.062156238
A27: Grand Total | B27: 3215928 | C27: 6.68745 | D27: 196561 | E27: 16.360967 | F27: 0.061121082
A32: TASK 3: PLATFORM RECOMMENDATION
A35: Platform | B35: Total Ad Spend ($) | C35: Average of Engagement_Rate | D35: Sum of New_Followers | E35: Cost per Follower | F35: Engagement Score | G35: Follower Score | H35: Cost Score | I35: Overall Weighted Score
A36: Instagram | B36: 1035942 | C36: 6.458209 | D36: 62938 | E36: =B36 / D36 -> 16.459722 | F36: =C36 / MAX($C$36:$C$38) * 100 -> 93.791997 | G36: =D36 / MAX($D$36:$D$38) * 100 -> 93.410312 | H36: =MIN($E$36:$E$38) / E36 * 100 -> 97.7446 | I36: =(F36*0.4) + (G36*0.4) + (H36*0.2) -> 94.429844
A37: Twitter | B37: 1114204 | C37: 6.8856716 | D37: 67378 | E37: =B37 / D37 -> 16.536614 | F37: =C37 / MAX($C$36:$C$38) * 100 -> 100 | G37: =D37 / MAX($D$36:$D$38) * 100 -> 100 | H37: =MIN($E$36:$E$38) / E37 * 100 -> 97.290107 | I37: =(F37*0.4) + (G37*0.4) + (H37*0.2) -> 99.458021
A38: YouTube | B38: 1065782 | C38: 6.7189394 | D38: 66245 | E38: =B38 / D38 -> 16.08849 | F38: =C38 / MAX($C$36:$C$38) * 100 -> 97.578562 | G38: =D38 / MAX($D$36:$D$38) * 100 -> 98.318442 | H38: =MIN($E$36:$E$38) / E38 * 100 -> 100 | I38: =(F38*0.4) + (G38*0.4) + (H38*0.2) -> 98.358802
A41: Recommended Strategy: Focus primary investment on Twitter while maintaining YouTube as a cost-efficient support platform.

Sheet Task4
A2: TASK 4: HASHTAG & CONTENT STRATEGY ANALYSIS
A3: 1. MOST FREQUENT HASHTAGS
A4: Hashtags | B4: COUNTA of Hashtags Used | C4: Average of Total_Engagement
A5: #DiscoverWeekly | B5: 130 | C5: 3580.1846
A6: #MusicForEveryone | B6: 67 | C6: 3637.0149
A7: #NowPlaying | B7: 143 | C7: 3536.0629
A8: #SoundtrackOfLife | B8: 109 | C8: 3457.6422
A9: #SpotifyWrapped | B9: 34 | C9: 3615.0882
A10: Grand Total | B10: 483 | C10: 3549.8075
A12: Conclusion: #NowPlaying has highest useed & #MusicForEveryone have highest Engagement
A14: 2. CONTENT TYPE PERFORMANCE BY PLATFORM
A15: Total Engagement | B15: Platforms
A16: Content Type | B16: Instagram | C16: Twitter | D16: YouTube | E16: Grand Total
A17: Reel | D17: 105783 | E17: 105783
A18: Story | B18: 75464 | C18: 317039 | E18: 392503
A19: Text | B19: 226112 | C19: 210331 | D19: 122913 | E19: 559356
A20: Grand Total | B20: 301576 | C20: 527370 | D20: 228696 | E20: 1057642
A23: Twitter generates the highest overall engagement, with Story content driving maximum interaction, Instagram performs strongly in Text posts.
A26: RECOMMENDED CONTENT TYPE BY PLATFORM
A28: Platform | B28: Best Content Type | C28: Avg Engagement Rate (%) | D28: Avg Likes per Post | E28: Post Count | F28: Recommendation
A29: Twitter | B29: Story | C29: 9.64 | D29: 3127.6 | E29: 87 | F29: Twitter → Focus on Story Content
A30: Instagram | B30: Story | C30: 9.55 | D30: 2687.6 | E30: 23 | F30: Instagram → Focus on Text Posts
A31: Youtube | B31: Reel | C31: 9.01 | D31: 3099 | E31: 29 | F31: YouTube → Focus on Reels
A34: Based on engagement performance, Instagram should prioritize Text posts, Twitter should focus on Story content, and YouTube should emphasize Reels to maximize audience engagement.

Sheet Task5
A1: TASK 5: CAMPAIGN EFFECTIVENESS ANALYSIS
A3: 1. CAMPAIGN PERFORMANCE METRICS
A4: CAMPAIGNS | B4: Total Impressions | C4: Total Likes | D4: Total Clicks | E4: Total Engagement | F4: Average of Impressions | G4: Average of Likes | H4: Average of Clicks
A5: ChillVibes | B5: 825443 | C5: 65910 | D5: 4647 | E5: 77499 | F5: 37520.136 | G5: 2995.9091 | H5: 211.22727
A6: IndieWave | B6: 537950 | C6: 43740 | D6: 2836 | E6: 50687 | F6: 41380.769 | G6: 3364.6154 | H6: 218.15385
A7: SummerBeats | B7: 720545 | C7: 52325 | D7: 3324 | E7: 61565 | F7: 40030.278 | G7: 2906.9444 | H7: 184.66667
A8: Wrapped2024 | B8: 750568 | C8: 56917 | D8: 3360 | E8: 66315 | F8: 41698.222 | G8: 3162.0556 | H8: 186.66667
A9: Grand Total | B9: 2834506 | C9: 218892 | D9: 14167 | E9: 256066 | F9: 39922.62 | G9: 3082.9859 | H9: 199.53521
F19: 2. ENGAGEMENT UPLIFT ANALYSIS (During vs Before Campaign)
F21: Campaign | G21: Start Date | H21: End Date | I21: Before Avg | J21: During Avg | K21: Lift % | L21: Column1
F22: ChillVibes | G22: 45667 | H22: 45698 | I22: =IFERROR( AVERAGEIFS(Posts_clean!N:N, Posts_clean!C:C, ">=" & G22-30, Posts_clean!C:C, "<" & G22), 0) -> 0.10086312 | J22: =IFERROR( AVERAGEIFS(Posts_clean!N:N, Posts_clean!C:C, ">=" & G22, Posts_clean!C:C, "<=" & H22), 0) -> 0.1054116 | K22: =IF(I22=0,0,(J22-I22)/I22) -> 0.045095652
F23: Wrapped2024 | G23: 45627 | H23: 45657 | I23: =IFERROR( AVERAGEIFS(Posts_clean!N:N, Posts_clean!C:C, ">=" & G23-30, Posts_clean!C:C, "<" & G23), 0) -> 0.092680819 | J23: =IFERROR( AVERAGEIFS(Posts_clean!N:N, Posts_clean!C:C, ">=" & G23, Posts_clean!C:C, "<=" & H23), 0) -> 0.099294725 | K23: =IF(I23=0,0,(J23-I23)/I23) -> 0.071362185
F24: SummerBeats | G24: 45458 | H24: 45488 | I24: =IFERROR( AVERAGEIFS(Posts_clean!N:N, Posts_clean!C:C, ">=" & G24-30, Posts_clean!C:C, "<" & G24), 0) -> 0.077477552 | J24: =IFERROR( AVERAGEIFS(Posts_clean!N:N, Posts_clean!C:C, ">=" & G24, Posts_clean!C:C, "<=" & H24), 0) -> 0.096749506 | K24: =IF(I24=0,0,(J24-I24)/I24) -> 0.24874242
F25: IndieWave | G25: 45717 | H25: 45747 | I25: =IFERROR( AVERAGEIFS(Posts_clean!N:N, Posts_clean!C:C, ">=" & G25-30, Posts_clean!C:C, "<" & G25), 0) -> 0.11058335 | J25: =IFERROR( AVERAGEIFS(Posts_clean!N:N, Posts_clean!C:C, ">=" & G25, Posts_clean!C:C, "<=" & H25), 0) -> 0.10264546 | K25: =IF(I25=0,0,(J25-I25)/I25) -> -0.071781988
A29: TASK 5: CAMPAIGN ROI & GROWTH ANALYSIS
A31: 1. CAMPAIGN ROI ANALYSIS
A32: Campaign | B32: Sum of Total_Engagement | C32: Avg Engagement Rate | D32: Total Budget | E32: ROI | F32: Rank
A33: ChillVibes | B33: 77499 | C33: =AVERAGEIF(Posts_clean!Q:Q, "ChillVibes", Posts_clean!N:N) -> 0.1054116 | D33: 200000 | E33: =B33/D33 -> 0.387495 | F33: =_xlfn.RANK.EQ(E33,$E$33:$E$36,0) -> 1
A34: IndieWave | B34: 50687 | C34: =AVERAGEIF(Posts_clean!Q:Q, "IndieWave", Posts_clean!N:N) -> 0.10264546 | D34: 160000 | E34: =B34/D34 -> 0.31679375 | F34: =_xlfn.RANK.EQ(E34,$E$33:$E$36,0) -> 3
A35: SummerBeats | B35: 61565 | C35: =AVERAGEIF(Posts_clean!Q:Q, "SummerBeats", Posts_clean!N:N) -> 0.096749506 | D35: 175000 | E35: =B35/D35 -> 0.3518 | F35: =_xlfn.RANK.EQ(E35,$E$33:$E$36,0) -> 2
A36: Wrapped2024 | B36: 66315 | C36: =AVERAGEIF(Posts_clean!Q:Q, "Wrapped2024", Posts_clean!N:N) -> 0.099294725 | D36: 225000 | E36: =B36/D36 -> 0.29473333 | F36: =_xlfn.RANK.EQ(E36,$E$33:$E$36,0) -> 4
A37: Grand Total | B37: 256066 | C37: =SUM(C33:C36) -> 0.40410129 | D37: =SUM(D33:D36) -> 760000
A40: ChillVibes is the most effective campaign with the highest ROI, while Wrapped2024 shows the lowest performance and needs improvement.
A44: 2. CAMPAIGN FOLLOWER & APP DOWNLOAD GROWTH
A46: Campaign_Name | B46: Start_Date | C46: End_Date | D46: Total New Followers | E46: Rank
A47: SummerBeats | B47: 45458 | C47: 45488 | D47: {=SUMPRODUCT((Engagement_Summary_clean!A2:A201>=DATE(2024,6,15))* (Engagement_Summary_clean!A2:A201<=DATE(2024,7,15))* Engagement_Summary_clean!C2:C201)} -> 16066 | E47: =_xlfn.RANK.EQ(D47,$D$47:$D$50,0) -> 1
A48: IndieWave | B48: 45717 | C48: 45747 | D48: {=SUMPRODUCT((Engagement_Summary_clean!A2:A201>=DATE(2025,3,1))* (Engagement_Summary_clean!A2:A201<=DATE(2025,3,31))* Engagement_Summary_clean!C2:C201)} -> 15065 | E48: =_xlfn.RANK.EQ(D48,$D$47:$D$50,0) -> 2
A49: Wrapped2024 | B49: 45627 | C49: 45657 | D49: {=SUMPRODUCT((Engagement_Summary_clean!A2:A201>=DATE(2024,12,1))* (Engagement_Summary_clean!A2:A201<=DATE(2024,12,31))* Engagement_Summary_clean!C2:C201)} -> 13891 | E49: =_xlfn.RANK.EQ(D49,$D$47:$D$50,0) -> 3
A50: ChillVibes | B50: 45667 | C50: 45698 | D50: {=SUMPRODUCT((Engagement_Summary_clean!A2:A201>=DATE(2025,1,10))* (Engagement_Summary_clean!A2:A201<=DATE(2025,2,10))* Engagement_Summary_clean!C2:C201)} -> 12594 | E50: =_xlfn.RANK.EQ(D50,$D$47:$D$50,0) -> 4
A53: IndieWave achieved the strongest follower growth during its campaign period, while SummerBeats recorded the lowest growth among all campaigns.

Sheet Task6
A1: TASK 6: Follower Retention & Loyalty | H1: Weeks | I1: Sum of Net increase | J1: 3-week moving average
A2: Row Labels | B2: Sum of Net_Increase | C2: Max of Total_Followers | D2: Sum of Engagement_Rate | H2: 2024-W01 | I2: 2337 | L2: 2. Moving average chart to analyze follower trends
A3: 2024-W45 | B3: 3576 | C3: 348877 | D3: 22.69 | H3: 2024-W23 | I3: 3419
A4: 2025-W21 | B4: 3569 | C4: 327012 | D4: 19.86 | H4: 2024-W24 | I4: 2777 | J4: =AVERAGE(I2:I4) -> 2844.3333
A5: 2024-W23 | B5: 3419 | C5: 370242 | D5: 25.69 | H5: 2024-W25 | I5: 3175 | J5: =AVERAGE(I3:I5) -> 3123.6667
A6: 2025-W15 | B6: 3291 | C6: 340987 | D6: 20.34 | H6: 2024-W26 | I6: 2433 | J6: =AVERAGE(I4:I6) -> 2795
A7: 2025-W31 | B7: 3236 | C7: 121431 | D7: 16.47 | H7: 2024-W27 | I7: 2426 | J7: =AVERAGE(I5:I7) -> 2678
A8: 2025-W16 | B8: 3216 | C8: 345659 | D8: 17.71 | H8: 2024-W28 | I8: 3155 | J8: =AVERAGE(I6:I8) -> 2671.3333
A9: 2024-W25 | B9: 3175 | C9: 250428 | D9: 18.25 | H9: 2024-W29 | I9: 2369 | J9: =AVERAGE(I7:I9) -> 2650
A10: 2024-W28 | B10: 3155 | C10: 340121 | D10: 25.06 | H10: 2024-W30 | I10: 2281 | J10: =AVERAGE(I8:I10) -> 2601.6667
A11: 2024-W40 | B11: 3151 | C11: 374952 | D11: 21.91 | H11: 2024-W31 | I11: 2132 | J11: =AVERAGE(I9:I11) -> 2260.6667
A12: 2024-W33 | B12: 3072 | C12: 276722 | D12: 22.85 | H12: 2024-W32 | I12: 2693 | J12: =AVERAGE(I10:I12) -> 2368.6667
A13: 2025-W22 | B13: 2909 | C13: 341016 | D13: 20.13 | H13: 2024-W33 | I13: 3072 | J13: =AVERAGE(I11:I13) -> 2632.3333
A14: 2024-W46 | B14: 2794 | C14: 306508 | D14: 23.18 | H14: 2024-W34 | I14: 2300 | J14: =AVERAGE(I12:I14) -> 2688.3333
A15: 2024-W43 | B15: 2792 | C15: 149916 | D15: 20.73 | H15: 2024-W35 | I15: 2450 | J15: =AVERAGE(I13:I15) -> 2607.3333
... A18: 2024-W24 | B18: 2777 | C18: 391621 | D18: 28.38 | H18: 2024-W38 | I18: 2162 | J18: =AVERAGE(I16:I18) -> 2431.3333
A19: 2025-W10 | B19: 2763 | C19: 274567 | D19: 23.32 | H19: 2024-W39 | I19: 2785 | J19: =AVERAGE(I17:I19) -> 2525.6667 | N19: Weeks | O19: Higest Net Increase | P19: Rank
A20: 2025-W30 | B20: 2694 | C20: 350949 | D20: 15.92 | H20: 2024-W40 | I20: 3151 | J20: =AVERAGE(I18:I20) -> 2699.3333 | N20: 2024-W45 | O20: 3576 | P20: =_xlfn.RANK.EQ(O20,$O$20:$O$22,0) -> 1
A21: 2024-W32 | B21: 2693 | C21: 318098 | D21: 23.39 | H21: 2024-W41 | I21: 2338 | J21: =AVERAGE(I19:I21) -> 2758 | N21: 2025-W21 | O21: 3569 | P21: =_xlfn.RANK.EQ(O21,$O$20:$O$22,0) -> 2
A22: 2024-W51 | B22: 2693 | C22: 171670 | D22: 16.97 | H22: 2024-W42 | I22: 2670 | J22: =AVERAGE(I20:I22) -> 2719.6667 | N22: 2024-W23 | O22: 3419 | P22: =_xlfn.RANK.EQ(O22,$O$20:$O$22,0) -> 3
A23: 2025-W13 | B23: 2679 | C23: 397607 | D23: 18.06 | H23: 2024-W43 | I23: 2792 | J23: =AVERAGE(I21:I23) -> 2600 | N23: 1. week with highest net follower gain
A24: 2024-W42 | B24: 2670 | C24: 325325 | D24: 25.06 | H24: 2024-W44 | I24: 2181 | J24: =AVERAGE(I22:I24) -> 2547.6667 | L24: Conclusion:
A25: 2025-W28 | B25: 2669 | C25: 387352 | D25: 28.99 | H25: 2024-W45 | I25: 3576 | J25: =AVERAGE(I23:I25) -> 2849.6667 | L25: Week 2024-W45 recorded the highest net follower gain (3576), showing peak audience growth during that period.
A26: 2025-W29 | B26: 2654 | C26: 360770 | D26: 26.31 | H26: 2024-W46 | I26: 2794 | J26: =AVERAGE(I24:I26) -> 2850.3333
A27: 2025-W35 | B27: 2646 | C27: 296450 | D27: 15.67 | H27: 2024-W47 | I27: 1935 | J27: =AVERAGE(I25:I27) -> 2768.3333 | L27: The 3-week moving average indicates overall steady growth with occasional spikes, reflecting consistent follower retention and engagement.
A28: 2024-W37 | B28: 2630 | C28: 368454 | D28: 17.26 | H28: 2024-W48 | I28: 2287 | J28: =AVERAGE(I26:I28) -> 2338.6667
A29: 2024-W52 | B29: 2550 | C29: 326821 | D29: 20.23 | H29: 2024-W49 | I29: 2383 | J29: =AVERAGE(I27:I29) -> 2201.6667
A30: 2024-W36 | B30: 2502 | C30: 359150 | D30: 21.22 | H30: 2024-W50 | I30: 1398 | J30: =AVERAGE(I28:I30) -> 2022.6667
A31: 2025-W02 | B31: 2451 | C31: 258398 | D31: 22.9 | H31: 2024-W51 | I31: 2693 | J31: =AVERAGE(I29:I31) -> 2158
A32: 2024-W35 | B32: 2450 | C32: 271044 | D32: 20.58 | H32: 2024-W52 | I32: 2550 | J32: =AVERAGE(I30:I32) -> 2213.6667
A33: 2024-W26 | B33: 2433 | C33: 128620 | D33: 26.24 | H33: 2025-W02 | I33: 2451 | J33: =AVERAGE(I31:I33) -> 2564.6667
A34: 2024-W27 | B34: 2426 | C34: 300397 | D34: 14.28 | H34: 2025-W03 | I34: 2341 | J34: =AVERAGE(I32:I34) -> 2447.3333
A35: 2024-W49 | B35: 2383 | C35: 351493 | D35: 20.16 | H35: 2025-W04 | I35: 1832 | J35: =AVERAGE(I33:I35) -> 2208
A36: 2025-W18 | B36: 2378 | C36: 283278 | D36: 11.46 | H36: 2025-W05 | I36: 1928 | J36: =AVERAGE(I34:I36) -> 2033.6667
A37: 2024-W29 | B37: 2369 | C37: 263729 | D37: 23.26 | H37: 2025-W06 | I37: 1680 | J37: =AVERAGE(I35:I37) -> 1813.3333
A38: 2025-W07 | B38: 2361 | C38: 297090 | D38: 24.51 | H38: 2025-W07 | I38: 2361 | J38: =AVERAGE(I36:I38) -> 1989.6667
A39: 2025-W33 | B39: 2347 | C39: 340557 | D39: 21.84 | H39: 2025-W08 | I39: 1543 | J39: =AVERAGE(I37:I39) -> 1861.3333
... A68: 2024-W50 | B68: 1398 | C68: 345631 | D68: 20.64 | H68: 2025-W37 | I68: 1436 | J68: =AVERAGE(I66:I68) -> 1835.3333
A69: 2025-W26 | B69: 1384 | C69: 279405 | D69: 21.61
A70: Grand Total | B70: 161588 | C70: 397607 | D70: 1337.49
A73: 3. CORRELATION ANALYSIS
A75: Ad_Spend | B75: Net_Increase
A76: =Engagement_Summary_clean!G2 -> 10563 | B76: =Engagement_Summary_clean!H2 -> 413 | D76: =CORREL(A76:A275, B76:B275) -> -0.01691599
A77: =Engagement_Summary_clean!G3 -> 19949 | B77: =Engagement_Summary_clean!H3 -> 1387
A78: =Engagement_Summary_clean!G4 -> 14273 | B78: =Engagement_Summary_clean!H4 -> 537
A79: =Engagement_Summary_clean!G5 -> 23125 | B79: =Engagement_Summary_clean!H5 -> 1334
A80: =Engagement_Summary_clean!G6 -> 22788 | B80: =Engagement_Summary_clean!H6 -> 909
A81: =Engagement_Summary_clean!G7 -> 7810 | B81: =Engagement_Summary_clean!H7 -> 1176
A82: =Engagement_Summary_clean!G8 -> 11966 | B82: =Engagement_Summary_clean!H8 -> 928
A83: =Engagement_Summary_clean!G9 -> 26298 | B83: =Engagement_Summary_clean!H9 -> 1397
A84: =Engagement_Summary_clean!G10 -> 22029 | B84: =Engagement_Summary_clean!H10 -> 452
A85: =Engagement_Summary_clean!G11 -> 12391 | B85: =Engagement_Summary_clean!H11 -> 590
A86: =Engagement_Summary_clean!G12 -> 14477 | B86: =Engagement_Summary_clean!H12 -> 1283
A87: =Engagement_Summary_clean!G13 -> 25040 | B87: =Engagement_Summary_clean!H13 -> 1302
A88: =Engagement_Summary_clean!G14 -> 22619 | B88: =Engagement_Summary_clean!H14 -> 612
... A275: =Engagement_Summary_clean!G201 -> 11418 | B275: =Engagement_Summary_clean!H201 -> 616
